{
	"credit": "Made with Blockbench",
	"texture_size": [128, 128],
	"textures": {
		"0": "item/panel1",
		"2": "item/carbonfiber",
		"7": "item/tire1",
		"8": "item/rim1",
		"9": "item/intake1",
		"10": "item/light1"
	},
	"elements": [
		{
			"name": "left",
			"from": [19, 5, -10],
			"to": [21, 11, 26],
			"rotation": {"angle": 0, "axis": "y", "origin": [16, 0, 0]},
			"faces": {
				"north": {"uv": [7, 17.75, 7.5, 19.25], "texture": "#0"},
				"east": {"uv": [-2, 17.75, 7, 19.25], "texture": "#0"},
				"south": {"uv": [16.5, 17.75, 17, 19.25], "texture": "#0"},
				"west": {"uv": [7.5, 17.75, 16.5, 19.25], "texture": "#0"},
				"up": {"uv": [7.5, 17.75, 7, 8.75], "texture": "#0"},
				"down": {"uv": [8, 8.75, 7.5, 17.75], "texture": "#0"}
			}
		},
		{
			"name": "right",
			"from": [-5, 5, -10],
			"to": [-3, 11, 26],
			"faces": {
				"north": {"uv": [6, 10, 6.5, 11.5], "texture": "#0"},
				"east": {"uv": [2, 10, 11, 11.5], "texture": "#0"},
				"south": {"uv": [13, 12.5, 13.5, 14], "texture": "#0"},
				"west": {"uv": [6.5, 10, 15.5, 11.5], "texture": "#0"},
				"up": {"uv": [6.5, 10, 6, 1], "texture": "#0"},
				"down": {"uv": [7, 1, 6.5, 10], "texture": "#0"}
			}
		},
		{
			"name": "right",
			"from": [-11.7, -7.524, 14.35711],
			"to": [-6, -4.324, 23.95711],
			"rotation": {"angle": -45, "axis": "x", "origin": [0, 0, 0]},
			"faces": {
				"north": {"uv": [6.75, 10.5, 8.175, 11.3], "texture": "#2"},
				"east": {"uv": [4.5, 10.5, 6.9, 11.3], "texture": "#2"},
				"south": {"uv": [10.25, 10.5, 11.675, 11.3], "texture": "#2"},
				"west": {"uv": [8, 10.5, 10.4, 11.3], "texture": "#2"},
				"up": {"uv": [8.175, 10.65, 6.75, 8.25], "texture": "#2"},
				"down": {"uv": [9.425, 8.25, 8, 10.65], "texture": "#2"}
			}
		},
		{
			"name": "right",
			"from": [-11.7, 5.7273, 25.57782],
			"to": [-6, 7.43598, 32],
			"rotation": {"angle": 45, "axis": "x", "origin": [-8.85, 9.73788, 33.38949]},
			"faces": {
				"north": {"uv": [6.75, 10.5, 8.175, 10.92717], "texture": "#2"},
				"east": {"uv": [5.25, 10.5, 6.85555, 10.92717], "texture": "#2"},
				"south": {"uv": [9.5, 10.5, 10.925, 10.92717], "texture": "#2"},
				"west": {"uv": [8, 10.5, 9.60554, 10.92717], "texture": "#2"},
				"up": {"uv": [8.175, 10.60555, 6.75, 9], "texture": "#2"},
				"down": {"uv": [9.425, 9, 8, 10.60555], "texture": "#2"}
			}
		},
		{
			"name": "right",
			"from": [-6, 12.05061, 11.95129],
			"to": [-3.3, 21.47279, 13.65997],
			"rotation": {"angle": -22.5, "axis": "x", "origin": [-4.65, 15.75919, 11.60459]},
			"faces": {
				"north": {"uv": [6.25, 9.25, 6.925, 11.60555], "texture": "#0"},
				"east": {"uv": [6, 9.25, 6.42717, 11.60555], "texture": "#0"},
				"south": {"uv": [7, 9.25, 7.675, 11.60555], "texture": "#0"},
				"west": {"uv": [6.75, 9.25, 7.17717, 11.60555], "texture": "#0"},
				"up": {"uv": [6.925, 9.42717, 6.25, 9], "texture": "#0"},
				"down": {"uv": [7.425, 9, 6.75, 9.42717], "texture": "#0"}
			}
		},
		{
			"name": "right",
			"from": [-6, 21.21042, -5.92603],
			"to": [8, 22.9191, -2.50385],
			"rotation": {"angle": -22.5, "axis": "x", "origin": [-4.65, 24.03627, -8.93951]},
			"faces": {
				"north": {"uv": [7, 9.75, 10.5, 10.17717], "texture": "#0"},
				"east": {"uv": [6.25, 9.75, 7.10555, 10.17717], "texture": "#0"},
				"south": {"uv": [11.25, 9.75, 14.75, 10.17717], "texture": "#0"},
				"west": {"uv": [10.5, 9.75, 11.35555, 10.17717], "texture": "#0"},
				"up": {"uv": [10.5, 9.85554, 7, 9], "texture": "#0"},
				"down": {"uv": [14, 9, 10.5, 9.85554], "texture": "#0"}
			}
		},
		{
			"name": "right",
			"from": [-6, 7.90386, -5.38483],
			"to": [-5.2, 21.61254, -3.96265],
			"rotation": {"angle": -22.5, "axis": "x", "origin": [-4.65, 24.03627, -8.93951]},
			"faces": {
				"north": {"uv": [7.5, 9.75, 7.7, 13.17717], "texture": "#0"},
				"east": {"uv": [7.25, 9.75, 7.60555, 13.17717], "texture": "#0"},
				"south": {"uv": [7.75, 9.75, 7.95, 13.17717], "texture": "#0"},
				"west": {"uv": [7.5, 9.75, 7.85555, 13.17717], "texture": "#0"},
				"up": {"uv": [7.5, 9.85554, 7.7, 9.5], "texture": "#0"},
				"down": {"uv": [7.5, 9.5, 7.7, 9.85554], "texture": "#0"}
			}
		},
		{
			"name": "right",
			"from": [-5.8, 17.94772, -1.41498],
			"to": [-5.2, 23.85858, -0.9928],
			"rotation": {"angle": 0, "axis": "x", "origin": [-4.65, 24.03627, -8.93951]},
			"faces": {
				"north": {"uv": [7.5, 9.75, 7.65, 11.22772], "texture": "#0"},
				"east": {"uv": [7.5, 9.75, 7.60555, 11.22772], "texture": "#0"},
				"south": {"uv": [7.5, 9.75, 7.65, 11.22772], "texture": "#0"},
				"west": {"uv": [7.5, 9.75, 7.60555, 11.22772], "texture": "#0"},
				"up": {"uv": [7.5, 9.75, 7.65, 9.85554], "texture": "#0"},
				"down": {"uv": [7.5, 9.75, 7.65, 9.85554], "texture": "#0"}
			}
		},
		{
			"name": "right",
			"from": [-5.8, 13.94772, 10.58502],
			"to": [-5.2, 19.85858, 11.0072],
			"rotation": {"angle": 0, "axis": "x", "origin": [-4.65, 24.03627, -8.93951]},
			"faces": {
				"north": {"uv": [7.5, 9.75, 7.65, 11.22772], "texture": "#0"},
				"east": {"uv": [7.5, 9.75, 7.60554, 11.22772], "texture": "#0"},
				"south": {"uv": [7.5, 9.75, 7.65, 11.22772], "texture": "#0"},
				"west": {"uv": [7.5, 9.75, 7.60554, 11.22772], "texture": "#0"},
				"up": {"uv": [7.5, 9.75, 7.65, 9.85554], "texture": "#0"},
				"down": {"uv": [7.5, 9.75, 7.65, 9.85554], "texture": "#0"}
			}
		},
		{
			"name": "right",
			"from": [-6, 10.75563, -7.17592],
			"to": [-3.3, 24.17782, -5.46724],
			"rotation": {"angle": 45, "axis": "x", "origin": [-4.65, 22.39601, -6.53371]},
			"faces": {
				"north": {"uv": [6.25, 9.25, 6.925, 12.60555], "texture": "#0"},
				"east": {"uv": [6, 9.25, 6.42717, 12.60555], "texture": "#0"},
				"south": {"uv": [7, 9.25, 7.675, 12.60555], "texture": "#0"},
				"west": {"uv": [6.75, 9.25, 7.17717, 12.60555], "texture": "#0"},
				"up": {"uv": [6.925, 9.42717, 6.25, 9], "texture": "#0"},
				"down": {"uv": [7.425, 9, 6.75, 9.42717], "texture": "#0"}
			}
		},
		{
			"name": "right",
			"from": [-6, 20.25304, 13.93119],
			"to": [8, 23.67523, 15.63987],
			"rotation": {"angle": -45, "axis": "x", "origin": [-4.65, 15.75919, 11.60459]},
			"faces": {
				"north": {"uv": [3.5, 9.25, 7, 10.10555], "texture": "#0"},
				"east": {"uv": [3.25, 9.25, 3.67717, 10.10555], "texture": "#0"},
				"south": {"uv": [7.25, 9.25, 10.75, 10.10555], "texture": "#0"},
				"west": {"uv": [7, 9.25, 7.42717, 10.10555], "texture": "#0"},
				"up": {"uv": [7, 9.42717, 3.5, 9], "texture": "#0"},
				"down": {"uv": [10.5, 9, 7, 9.42717], "texture": "#0"}
			}
		},
		{
			"name": "right",
			"from": [-6, 23.18193, 5.3494],
			"to": [8, 24.89061, 8.77158],
			"rotation": {"angle": 22.5, "axis": "x", "origin": [-4.65, 24.03627, 7.06049]},
			"faces": {
				"north": {"uv": [4, 9.75, 7.5, 10.17717], "texture": "#0"},
				"east": {"uv": [3.25, 9.75, 4.10555, 10.17717], "texture": "#0"},
				"south": {"uv": [8.25, 9.75, 11.75, 10.17717], "texture": "#0"},
				"west": {"uv": [7.5, 9.75, 8.35554, 10.17717], "texture": "#0"},
				"up": {"uv": [7.5, 9.85554, 4, 9], "texture": "#0"},
				"down": {"uv": [11, 9, 7.5, 9.85554], "texture": "#0"}
			}
		},
		{
			"name": "right",
			"from": [-6, 23.74755, -2.61996],
			"to": [8, 25.45623, 5.80222],
			"rotation": {"angle": 0, "axis": "x", "origin": [-4.65, 15.75919, 11.60459]},
			"faces": {
				"north": {"uv": [9.5, 6.75, 13, 7.17717], "texture": "#0"},
				"east": {"uv": [9.5, 6.75, 11.60555, 7.17717], "texture": "#0"},
				"south": {"uv": [9.5, 6.75, 13, 7.17717], "texture": "#0"},
				"west": {"uv": [9.5, 6.75, 11.60555, 7.17717], "texture": "#0"},
				"up": {"uv": [9.5, 6.75, 13, 8.85554], "texture": "#0"},
				"down": {"uv": [9.5, 6.75, 13, 8.85554], "texture": "#0"}
			}
		},
		{
			"name": "right",
			"from": [-6.7, 5.33441, 25.47071],
			"to": [-1, 7.74309, 32],
			"rotation": {"angle": 45, "axis": "x", "origin": [-8.85, 9.73788, 33.38949]},
			"faces": {
				"north": {"uv": [6.75, 10.5, 8.175, 11.10217], "texture": "#0"},
				"east": {"uv": [5.25, 10.5, 6.88232, 11.10217], "texture": "#0"},
				"south": {"uv": [9.5, 10.5, 10.925, 11.10217], "texture": "#0"},
				"west": {"uv": [8, 10.5, 9.63232, 11.10217], "texture": "#0"},
				"up": {"uv": [8.175, 10.63232, 6.75, 9], "texture": "#0"},
				"down": {"uv": [9.425, 9, 8, 10.63232], "texture": "#0"}
			}
		},
		{
			"name": "right",
			"from": [-6.7, 9.79948, 25.78146],
			"to": [-2, 13.20816, 29.31075],
			"rotation": {"angle": 0, "axis": "x", "origin": [-8.85, 9.73788, 33.38949]},
			"faces": {
				"north": {"uv": [9.25, 8.78906, 10.425, 9.64123], "texture": "#10"},
				"east": {"uv": [9.13281, 8.78906, 10.01513, 9.64123], "texture": "#10"},
				"south": {"uv": [9.52344, 8.78906, 10.69844, 9.64123], "texture": "#10"},
				"west": {"uv": [9.40625, 8.78906, 10.28857, 9.64123], "texture": "#10"},
				"up": {"uv": [10.425, 9.5542, 9.25, 8.67188], "texture": "#10"},
				"down": {"uv": [10.58125, 8.67188, 9.40625, 9.5542], "texture": "#10"}
			}
		},
		{
			"name": "right",
			"from": [-6, 10.99948, 14.38146],
			"to": [0.7, 14.40816, 25.91075],
			"rotation": {"angle": 0, "axis": "y", "origin": [-8.85, 9.73788, 33.38949]},
			"faces": {
				"north": {"uv": [8.175, 8.60217, 6.5, 7.75], "texture": "#0"},
				"east": {"uv": [9.38232, 8.60217, 6.5, 7.75], "texture": "#0"},
				"south": {"uv": [8.175, 8.60217, 6.5, 7.75], "texture": "#0"},
				"west": {"uv": [9.38232, 8.60217, 6.5, 7.75], "texture": "#0"},
				"up": {"uv": [8.175, 10.63232, 6.5, 7.75], "texture": "#0"},
				"down": {"uv": [8.175, 10.63232, 6.5, 7.75], "texture": "#0"}
			}
		},
		{
			"name": "right",
			"from": [0.5, 11.19948, 14.38146],
			"to": [4.7, 14.60816, 25.91075],
			"rotation": {"angle": 0, "axis": "y", "origin": [-8.85, 9.73788, 33.38949]},
			"faces": {
				"north": {"uv": [8.3, 8.60217, 7.25, 7.75], "texture": "#0"},
				"east": {"uv": [10.13232, 8.60217, 7.25, 7.75], "texture": "#0"},
				"south": {"uv": [8.3, 8.60217, 7.25, 7.75], "texture": "#0"},
				"west": {"uv": [10.13232, 8.60217, 7.25, 7.75], "texture": "#0"},
				"up": {"uv": [8.3, 10.63232, 7.25, 7.75], "texture": "#0"},
				"down": {"uv": [8.3, 10.63232, 7.25, 7.75], "texture": "#0"}
			}
		},
		{
			"name": "right",
			"from": [4.7, 11.39948, 14.38146],
			"to": [8, 14.80816, 25.91075],
			"rotation": {"angle": 0, "axis": "y", "origin": [-8.85, 9.73788, 33.38949]},
			"faces": {
				"north": {"uv": [8.075, 9.85217, 7.25, 9], "texture": "#0"},
				"east": {"uv": [10.13232, 9.85217, 7.25, 9], "texture": "#0"},
				"south": {"uv": [8.075, 9.85217, 7.25, 9], "texture": "#0"},
				"west": {"uv": [10.13232, 9.85217, 7.25, 9], "texture": "#0"},
				"up": {"uv": [8.075, 11.88232, 7.25, 9], "texture": "#0"},
				"down": {"uv": [8.075, 11.88232, 7.25, 9], "texture": "#0"}
			}
		},
		{
			"name": "right",
			"from": [-10.7, 9.79948, 25.78146],
			"to": [-6, 13.40816, 29.51075],
			"rotation": {"angle": 0, "axis": "x", "origin": [-8.85, 9.73788, 33.38949]},
			"faces": {
				"north": {"uv": [9, 9.5, 10.175, 10.40217], "texture": "#10"},
				"east": {"uv": [8.25, 9.5, 9.18232, 10.40217], "texture": "#10"},
				"south": {"uv": [10.75, 9.5, 11.925, 10.40217], "texture": "#10"},
				"west": {"uv": [10, 9.5, 10.93232, 10.40217], "texture": "#10"},
				"up": {"uv": [10.175, 9.68232, 9, 8.75], "texture": "#10"},
				"down": {"uv": [11.175, 8.75, 10, 9.68232], "texture": "#10"}
			}
		},
		{
			"name": "right",
			"from": [-1.7, 5.33441, 25.47071],
			"to": [8, 8.14309, 31.4],
			"rotation": {"angle": 45, "axis": "x", "origin": [-8.85, 9.73788, 33.38949]},
			"faces": {
				"north": {"uv": [8.175, 9.95217, 5.75, 9.25], "texture": "#0"},
				"east": {"uv": [7.23232, 9.95217, 5.75, 9.25], "texture": "#0"},
				"south": {"uv": [8.175, 9.95217, 5.75, 9.25], "texture": "#0"},
				"west": {"uv": [7.23232, 9.95217, 5.75, 9.25], "texture": "#0"},
				"up": {"uv": [8.175, 10.73232, 5.75, 9.25], "texture": "#0"},
				"down": {"uv": [8.175, 10.73232, 5.75, 9.25], "texture": "#0"}
			}
		},
		{
			"name": "right",
			"from": [-11.7, 10.98639, 19.97525],
			"to": [-6, 13.88639, 26.47525],
			"faces": {
				"north": {"uv": [6.5, 10.25, 7.925, 10.975], "texture": "#2"},
				"east": {"uv": [5, 10.25, 6.625, 10.975], "texture": "#2"},
				"south": {"uv": [9.25, 10.25, 10.675, 10.975], "texture": "#2"},
				"west": {"uv": [7.75, 10.25, 9.375, 10.975], "texture": "#2"},
				"up": {"uv": [7.925, 10.375, 6.5, 8.75], "texture": "#2"},
				"down": {"uv": [9.175, 8.75, 7.75, 10.375], "texture": "#2"}
			}
		},
		{
			"name": "right",
			"from": [-11, 4.969, 0.62],
			"to": [-6, 9.269, 15.52],
			"faces": {
				"north": {"uv": [6.5, 10.25, 7.75, 11.325], "texture": "#0"},
				"east": {"uv": [3, 10.25, 6.725, 11.325], "texture": "#0"},
				"south": {"uv": [11.25, 10.25, 12.5, 11.325], "texture": "#0"},
				"west": {"uv": [7.75, 10.25, 11.475, 11.325], "texture": "#0"},
				"up": {"uv": [7.75, 10.475, 6.5, 6.75], "texture": "#0"},
				"down": {"uv": [9, 6.75, 7.75, 10.475], "texture": "#0"}
			}
		},
		{
			"name": "right",
			"from": [-11, 9.069, -3.48],
			"to": [-6, 13.269, 19.42],
			"faces": {
				"north": {"uv": [7.75, 10.25, 9, 11.3], "texture": "#0"},
				"east": {"uv": [7.75, 10.25, 13.475, 11.3], "texture": "#0"},
				"south": {"uv": [7.75, 10.25, 9, 11.3], "texture": "#0"},
				"west": {"uv": [7.75, 10.25, 13.475, 11.3], "texture": "#0"},
				"up": {"uv": [7.75, 10.25, 9, 15.975], "texture": "#0"},
				"down": {"uv": [7.5, 9.25, 8.75, 14.975], "texture": "#0"}
			}
		},
		{
			"name": "right",
			"from": [-10.7, 11.069, -4.48],
			"to": [-6.1, 14.269, 20.42],
			"faces": {
				"north": {"uv": [7.9, 5.05, 6.75, 4.25], "texture": "#0"},
				"east": {"uv": [12.975, 5.05, 6.75, 4.25], "texture": "#0"},
				"south": {"uv": [7.9, 5.05, 6.75, 4.25], "texture": "#0"},
				"west": {"uv": [12.975, 5.05, 6.75, 4.25], "texture": "#0"},
				"up": {"uv": [7.9, 10.475, 6.75, 4.25], "texture": "#0"},
				"down": {"uv": [7.9, 10.475, 6.75, 4.25], "texture": "#0"}
			}
		},
		{
			"name": "right",
			"from": [-6, 11.045, -15.28],
			"to": [8, 14.645, -11.58],
			"faces": {
				"north": {"uv": [6.75, 10.5, 10.25, 11.4], "texture": "#0"},
				"east": {"uv": [6, 10.5, 6.925, 11.4], "texture": "#0"},
				"south": {"uv": [11, 10.5, 14.5, 11.4], "texture": "#0"},
				"west": {"uv": [10.25, 10.5, 11.175, 11.4], "texture": "#0"},
				"up": {"uv": [10.25, 10.675, 6.75, 9.75], "texture": "#0"},
				"down": {"uv": [13.75, 9.75, 10.25, 10.675], "texture": "#0"}
			}
		},
		{
			"name": "right",
			"from": [-11.5, 2.20736, -7.95843],
			"to": [-6, 6.30736, 1.74157],
			"rotation": {"angle": 45, "axis": "x", "origin": [-8.5, 5.069, 4.07]},
			"faces": {
				"north": {"uv": [6.75, 10.5, 8.125, 11.525], "texture": "#2"},
				"east": {"uv": [4.5, 10.5, 6.925, 11.525], "texture": "#2"},
				"south": {"uv": [10.25, 10.5, 11.625, 11.525], "texture": "#2"},
				"west": {"uv": [8, 10.5, 10.425, 11.525], "texture": "#2"},
				"up": {"uv": [8.125, 10.675, 6.75, 8.25], "texture": "#2"},
				"down": {"uv": [9.375, 8.25, 8, 10.675], "texture": "#2"}
			}
		},
		{
			"name": "right",
			"from": [-11.5, 9.845, -13.98],
			"to": [-4, 14.445, -3.58],
			"faces": {
				"north": {"uv": [8.75, 2.75, 10.625, 3.9], "texture": "#2"},
				"east": {"uv": [8.75, 2.75, 11.35, 3.9], "texture": "#2"},
				"south": {"uv": [8.75, 2.75, 10.625, 3.9], "texture": "#2"},
				"west": {"uv": [8.75, 2.75, 11.35, 3.9], "texture": "#2"},
				"up": {"uv": [8.75, 2.75, 10.625, 5.35], "texture": "#2"},
				"down": {"uv": [8.75, 2.75, 10.625, 5.35], "texture": "#2"}
			}
		},
		{
			"name": "right",
			"from": [-4, 16.3789, -14.97253],
			"to": [8, 21.80108, -11.26385],
			"rotation": {"angle": -22.5, "axis": "x", "origin": [-4.65, 15.75919, 11.60459]},
			"faces": {
				"north": {"uv": [4, 9.25, 7, 10.60555], "texture": "#0"},
				"east": {"uv": [3.25, 9.25, 4.17717, 10.60555], "texture": "#0"},
				"south": {"uv": [7.75, 9.25, 10.75, 10.60555], "texture": "#0"},
				"west": {"uv": [7, 9.25, 7.92717, 10.60555], "texture": "#0"},
				"up": {"uv": [7, 9.42717, 4, 8.5], "texture": "#0"},
				"down": {"uv": [10, 8.5, 7, 9.42717], "texture": "#0"}
			}
		},
		{
			"name": "right",
			"from": [-1, 13.22457, -15.07612],
			"to": [8, 18.64676, -11.36744],
			"rotation": {"angle": -22.5, "axis": "x", "origin": [-4.65, 15.75919, 11.60459]},
			"faces": {
				"north": {"uv": [4.25, 9.25, 6.5, 10.60555], "texture": "#2"},
				"east": {"uv": [3.5, 9.25, 4.42717, 10.60555], "texture": "#2"},
				"south": {"uv": [7.25, 9.25, 9.5, 10.60555], "texture": "#2"},
				"west": {"uv": [6.5, 9.25, 7.42717, 10.60555], "texture": "#2"},
				"up": {"uv": [6.5, 9.42717, 4.25, 8.5], "texture": "#2"},
				"down": {"uv": [8.75, 8.5, 6.5, 9.42717], "texture": "#2"}
			}
		},
		{
			"name": "front",
			"from": [1, 3, 26],
			"to": [15, 10, 30],
			"rotation": {"angle": 0, "axis": "y", "origin": [6, 3, 12]},
			"faces": {
				"north": {"uv": [0.5, 5.25, 4, 7], "texture": "#9"},
				"east": {"uv": [-0.5, 5.25, 0.5, 7], "texture": "#9"},
				"south": {"uv": [5, 5.25, 8.5, 7], "texture": "#9"},
				"west": {"uv": [4, 5.25, 5, 7], "texture": "#9"},
				"up": {"uv": [4, 5.25, 0.5, 4.25], "texture": "#9"},
				"down": {"uv": [7.5, 4.25, 4, 5.25], "texture": "#9"}
			}
		},
		{
			"name": "front",
			"from": [-1, 2, 26],
			"to": [1, 10, 31],
			"rotation": {"angle": 0, "axis": "y", "origin": [4, 2, 12]},
			"faces": {
				"north": {"uv": [3.5, 5.25, 4, 7.25], "texture": "#2"},
				"east": {"uv": [2.25, 5.25, 3.5, 7.25], "texture": "#2"},
				"south": {"uv": [5.25, 5.25, 5.75, 7.25], "texture": "#2"},
				"west": {"uv": [4, 5.25, 5.25, 7.25], "texture": "#2"},
				"up": {"uv": [4, 5.25, 3.5, 4], "texture": "#2"},
				"down": {"uv": [4.5, 4, 4, 5.25], "texture": "#2"}
			}
		},
		{
			"name": "front",
			"from": [-6, 4, 24],
			"to": [8, 14, 28],
			"rotation": {"angle": -22.5, "axis": "x", "origin": [2, 9, 26]},
			"faces": {
				"north": {"uv": [6.25, 5.25, 9.75, 7.75], "texture": "#0"},
				"east": {"uv": [6.25, 5.25, 9.75, 7.75], "texture": "#0"},
				"south": {"uv": [6.25, 5.25, 9.75, 7.75], "texture": "#0"},
				"west": {"uv": [6.25, 5.25, 9.75, 7.75], "texture": "#0"},
				"up": {"uv": [6.25, 5.25, 9.75, 7.75], "texture": "#0"},
				"down": {"uv": [6.25, 5.25, 9.75, 7.75], "texture": "#0"}
			}
		},
		{
			"name": "front",
			"from": [0, 10, 26],
			"to": [8, 11, 31],
			"rotation": {"angle": 0, "axis": "z", "origin": [4, 11, 28.5]},
			"faces": {
				"north": {"uv": [3.5, 5.25, 5.5, 5.5], "texture": "#2"},
				"east": {"uv": [2.25, 5.25, 3.5, 5.5], "texture": "#2"},
				"south": {"uv": [6.75, 5.25, 8.75, 5.5], "texture": "#2"},
				"west": {"uv": [5.5, 5.25, 6.75, 5.5], "texture": "#2"},
				"up": {"uv": [5.5, 5.25, 3.5, 4], "texture": "#2"},
				"down": {"uv": [7.5, 4, 5.5, 5.25], "texture": "#2"}
			}
		},
		{
			"name": "bottom",
			"from": [-3.3, 3.8, -10.2],
			"to": [19.3, 5.8, 26.1],
			"faces": {
				"north": {"uv": [5.75, 9.5, 11.25, 10], "texture": "#2"},
				"east": {"uv": [2.5, 4.5, 11.5, 5], "texture": "#2"},
				"south": {"uv": [20, 7, 25.5, 7.5], "texture": "#2"},
				"west": {"uv": [7, 4.25, 16, 4.75], "texture": "#2"},
				"up": {"uv": [9, 14, 3.5, 5], "texture": "#2"},
				"down": {"uv": [13.75, 7, 8.25, 16], "texture": "#2"}
			}
		},
		{
			"name": "back",
			"from": [-3, 5, -12],
			"to": [19, 11, -10],
			"faces": {
				"north": {"uv": [-1, 7.25, 4.5, 8.75], "texture": "#0"},
				"east": {"uv": [-1.5, 7.25, -1, 8.75], "texture": "#0"},
				"south": {"uv": [5, 7.25, 10.5, 8.75], "texture": "#0"},
				"west": {"uv": [4.5, 7.25, 5, 8.75], "texture": "#0"},
				"up": {"uv": [4.5, 7.25, -1, 6.75], "texture": "#0"},
				"down": {"uv": [10, 6.75, 4.5, 7.25], "texture": "#0"}
			}
		},
		{
			"name": "left",
			"from": [22, 2.20736, -7.95843],
			"to": [27.5, 6.30736, 1.74157],
			"rotation": {"angle": 45, "axis": "x", "origin": [24.5, 5.069, 4.07]},
			"faces": {
				"north": {"uv": [7.625, 10.475, 6.25, 11.5], "texture": "#2"},
				"east": {"uv": [9.925, 10.475, 7.5, 11.5], "texture": "#2"},
				"south": {"uv": [11.125, 10.475, 9.75, 11.5], "texture": "#2"},
				"west": {"uv": [6.425, 10.475, 4, 11.5], "texture": "#2"},
				"up": {"uv": [6.25, 11.175, 7.625, 8.75], "texture": "#2"},
				"down": {"uv": [7.5, 8.75, 8.875, 11.175], "texture": "#2"}
			}
		},
		{
			"name": "left",
			"from": [22, -7.524, 14.35711],
			"to": [27.7, -4.324, 23.95711],
			"rotation": {"angle": -45, "axis": "x", "origin": [16, 0, 0]},
			"faces": {
				"north": {"uv": [7.675, 10.7, 6.25, 11.5], "texture": "#2"},
				"east": {"uv": [9.9, 10.7, 7.5, 11.5], "texture": "#2"},
				"south": {"uv": [11.175, 10.7, 9.75, 11.5], "texture": "#2"},
				"west": {"uv": [6.4, 10.7, 4, 11.5], "texture": "#2"},
				"up": {"uv": [6.25, 11.15, 7.675, 8.75], "texture": "#2"},
				"down": {"uv": [7.5, 8.75, 8.925, 11.15], "texture": "#2"}
			}
		},
		{
			"name": "left",
			"from": [22, 10.98639, 19.97525],
			"to": [27.7, 13.88639, 26.47525],
			"rotation": {"angle": 0, "axis": "x", "origin": [16, 0, 0]},
			"faces": {
				"north": {"uv": [7.425, 10.75, 6, 11.475], "texture": "#2"},
				"east": {"uv": [8.875, 10.75, 7.25, 11.475], "texture": "#2"},
				"south": {"uv": [10.175, 10.75, 8.75, 11.475], "texture": "#2"},
				"west": {"uv": [6.125, 10.75, 4.5, 11.475], "texture": "#2"},
				"up": {"uv": [6, 10.875, 7.425, 9.25], "texture": "#2"},
				"down": {"uv": [7.25, 9.25, 8.675, 10.875], "texture": "#2"}
			}
		},
		{
			"name": "left",
			"from": [20, 9.845, -13.98],
			"to": [27.5, 14.445, -3.58],
			"rotation": {"angle": 0, "axis": "y", "origin": [16, 0, 0]},
			"faces": {
				"north": {"uv": [6, 9.4, 7.875, 8.25], "texture": "#2"},
				"east": {"uv": [6, 9.4, 8.6, 8.25], "texture": "#2"},
				"south": {"uv": [6, 9.4, 7.875, 8.25], "texture": "#2"},
				"west": {"uv": [6, 9.4, 8.6, 8.25], "texture": "#2"},
				"up": {"uv": [6, 10.85, 7.875, 8.25], "texture": "#2"},
				"down": {"uv": [6, 10.85, 7.875, 8.25], "texture": "#2"}
			}
		},
		{
			"name": "left",
			"from": [8, 11.045, -15.28],
			"to": [22, 14.645, -11.58],
			"rotation": {"angle": 0, "axis": "y", "origin": [16, 0, 0]},
			"faces": {
				"north": {"uv": [9.75, 10.6, 6.25, 11.5], "texture": "#0"},
				"east": {"uv": [10.675, 10.6, 9.75, 11.5], "texture": "#0"},
				"south": {"uv": [14, 10.6, 10.5, 11.5], "texture": "#0"},
				"west": {"uv": [6.425, 10.6, 5.5, 11.5], "texture": "#0"},
				"up": {"uv": [6.25, 11.175, 9.75, 10.25], "texture": "#0"},
				"down": {"uv": [9.75, 10.25, 13.25, 11.175], "texture": "#0"}
			}
		},
		{
			"name": "left",
			"from": [22.1, 11.069, -4.48],
			"to": [26.7, 14.269, 20.42],
			"rotation": {"angle": 0, "axis": "y", "origin": [16, 0, 0]},
			"faces": {
				"north": {"uv": [3.15, 8, 2, 8.8], "texture": "#0"},
				"east": {"uv": [9.225, 8, 3, 8.8], "texture": "#0"},
				"south": {"uv": [10.15, 8, 9, 8.8], "texture": "#0"},
				"west": {"uv": [2.225, 8, -4, 8.8], "texture": "#0"},
				"up": {"uv": [2, 8.225, 3.15, 2], "texture": "#0"},
				"down": {"uv": [3, 2, 4.15, 8.225], "texture": "#0"}
			}
		},
		{
			"name": "left",
			"from": [22, 4.969, 0.62],
			"to": [27, 9.269, 15.52],
			"rotation": {"angle": 0, "axis": "y", "origin": [16, 0, 0]},
			"faces": {
				"north": {"uv": [7.25, 10.425, 6, 11.5], "texture": "#0"},
				"east": {"uv": [10.975, 10.425, 7.25, 11.5], "texture": "#0"},
				"south": {"uv": [12, 10.425, 10.75, 11.5], "texture": "#0"},
				"west": {"uv": [6.225, 10.425, 2.5, 11.5], "texture": "#0"},
				"up": {"uv": [6, 10.975, 7.25, 7.25], "texture": "#0"},
				"down": {"uv": [7.25, 7.25, 8.5, 10.975], "texture": "#0"}
			}
		},
		{
			"name": "left",
			"from": [8, 5.33441, 25.47071],
			"to": [17.7, 8.14309, 31.4],
			"rotation": {"angle": 45, "axis": "x", "origin": [24.85, 9.73788, 33.38949]},
			"faces": {
				"north": {"uv": [5.25, 10.45217, 7.675, 9.75], "texture": "#0"},
				"east": {"uv": [5.25, 10.45217, 6.73232, 9.75], "texture": "#0"},
				"south": {"uv": [5.25, 10.45217, 7.675, 9.75], "texture": "#0"},
				"west": {"uv": [5.25, 10.45217, 6.73232, 9.75], "texture": "#0"},
				"up": {"uv": [5.25, 11.23232, 7.675, 9.75], "texture": "#0"},
				"down": {"uv": [5.25, 11.23232, 7.675, 9.75], "texture": "#0"}
			}
		},
		{
			"name": "left",
			"from": [8, 23.74755, -2.61996],
			"to": [22, 25.45623, 5.80222],
			"rotation": {"angle": 0, "axis": "x", "origin": [20.65, 15.75919, 11.60459]},
			"faces": {
				"north": {"uv": [12.5, 11.07283, 9, 11.5], "texture": "#0"},
				"east": {"uv": [14.60555, 11.07283, 12.5, 11.5], "texture": "#0"},
				"south": {"uv": [18, 11.07283, 14.5, 11.5], "texture": "#0"},
				"west": {"uv": [9.10554, 11.07283, 7, 11.5], "texture": "#0"},
				"up": {"uv": [9, 11.5, 12.5, 9.39446], "texture": "#0"},
				"down": {"uv": [12.5, 9.39446, 16, 11.5], "texture": "#0"}
			}
		},
		{
			"name": "left",
			"from": [22, 9.79948, 25.78146],
			"to": [26.7, 13.40816, 29.51075],
			"rotation": {"angle": 0, "axis": "x", "origin": [24.85, 9.73788, 33.38949]},
			"faces": {
				"north": {"uv": [9.675, 10, 8.5, 10.90217], "texture": "#10"},
				"east": {"uv": [10.43232, 10, 9.5, 10.90217], "texture": "#10"},
				"south": {"uv": [11.425, 10, 10.25, 10.90217], "texture": "#10"},
				"west": {"uv": [8.68232, 10, 7.75, 10.90217], "texture": "#10"},
				"up": {"uv": [8.5, 10.18232, 9.675, 9.25], "texture": "#10"},
				"down": {"uv": [9.5, 9.25, 10.675, 10.18232], "texture": "#10"}
			}
		},
		{
			"name": "left",
			"from": [17, 5.33441, 25.47071],
			"to": [22.7, 7.74309, 32],
			"rotation": {"angle": 45, "axis": "x", "origin": [24.85, 9.73788, 33.38949]},
			"faces": {
				"north": {"uv": [7.675, 10.89783, 6.25, 11.5], "texture": "#0"},
				"east": {"uv": [9.13232, 10.89783, 7.5, 11.5], "texture": "#0"},
				"south": {"uv": [10.425, 10.89783, 9, 11.5], "texture": "#0"},
				"west": {"uv": [6.38232, 10.89783, 4.75, 11.5], "texture": "#0"},
				"up": {"uv": [6.25, 11.13232, 7.675, 9.5], "texture": "#0"},
				"down": {"uv": [7.5, 9.5, 8.925, 11.13232], "texture": "#0"}
			}
		},
		{
			"name": "left",
			"from": [18, 9.79948, 25.78146],
			"to": [22.7, 13.20816, 29.31075],
			"rotation": {"angle": 0, "axis": "x", "origin": [24.85, 9.73788, 33.38949]},
			"faces": {
				"north": {"uv": [9.925, 9.28906, 8.75, 10.14123], "texture": "#10"},
				"east": {"uv": [9.78857, 9.28906, 8.90625, 10.14123], "texture": "#10"},
				"south": {"uv": [10.19844, 9.28906, 9.02344, 10.14123], "texture": "#10"},
				"west": {"uv": [9.51513, 9.28906, 8.63281, 10.14123], "texture": "#10"},
				"up": {"uv": [8.75, 10.0542, 9.925, 9.17188], "texture": "#10"},
				"down": {"uv": [8.90625, 9.17188, 10.08125, 10.0542], "texture": "#10"}
			}
		},
		{
			"name": "left",
			"from": [15.3, 10.99948, 14.38146],
			"to": [22, 14.40816, 25.91075],
			"rotation": {"angle": 0, "axis": "y", "origin": [24.85, 9.73788, 33.38949]},
			"faces": {
				"north": {"uv": [6, 9.10217, 7.675, 8.25], "texture": "#0"},
				"east": {"uv": [6, 9.10217, 8.88232, 8.25], "texture": "#0"},
				"south": {"uv": [6, 9.10217, 7.675, 8.25], "texture": "#0"},
				"west": {"uv": [6, 9.10217, 8.88232, 8.25], "texture": "#0"},
				"up": {"uv": [6, 11.13232, 7.675, 8.25], "texture": "#0"},
				"down": {"uv": [6, 11.13232, 7.675, 8.25], "texture": "#0"}
			}
		},
		{
			"name": "left",
			"from": [11.3, 11.19948, 14.38146],
			"to": [15.5, 14.60816, 25.91075],
			"rotation": {"angle": 0, "axis": "y", "origin": [24.85, 9.73788, 33.38949]},
			"faces": {
				"north": {"uv": [6.75, 9.10217, 7.8, 8.25], "texture": "#0"},
				"east": {"uv": [6.75, 9.10217, 9.63232, 8.25], "texture": "#0"},
				"south": {"uv": [6.75, 9.10217, 7.8, 8.25], "texture": "#0"},
				"west": {"uv": [6.75, 9.10217, 9.63232, 8.25], "texture": "#0"},
				"up": {"uv": [6.75, 11.13232, 7.8, 8.25], "texture": "#0"},
				"down": {"uv": [6.75, 11.13232, 7.8, 8.25], "texture": "#0"}
			}
		},
		{
			"name": "left",
			"from": [8, 11.39948, 14.38146],
			"to": [11.3, 14.80816, 25.91075],
			"rotation": {"angle": 0, "axis": "y", "origin": [24.85, 9.73788, 33.38949]},
			"faces": {
				"north": {"uv": [6.75, 10.35217, 7.575, 9.5], "texture": "#0"},
				"east": {"uv": [6.75, 10.35217, 9.63232, 9.5], "texture": "#0"},
				"south": {"uv": [6.75, 10.35217, 7.575, 9.5], "texture": "#0"},
				"west": {"uv": [6.75, 10.35217, 9.63232, 9.5], "texture": "#0"},
				"up": {"uv": [6.75, 11.5, 7.575, 8.61768], "texture": "#0"},
				"down": {"uv": [6.75, 11.5, 7.575, 8.61768], "texture": "#0"}
			}
		},
		{
			"name": "left",
			"from": [22, 9.069, -3.48],
			"to": [27, 13.269, 19.42],
			"rotation": {"angle": 0, "axis": "y", "origin": [16, 0, 0]},
			"faces": {
				"north": {"uv": [6.75, 10.25, 5.5, 11.3], "texture": "#0"},
				"east": {"uv": [12.475, 10.25, 6.75, 11.3], "texture": "#0"},
				"south": {"uv": [13.5, 10.25, 12.25, 11.3], "texture": "#0"},
				"west": {"uv": [5.725, 10.25, 0, 11.3], "texture": "#0"},
				"up": {"uv": [5.5, 10.475, 6.75, 4.75], "texture": "#0"},
				"down": {"uv": [6.75, 4.75, 8, 10.475], "texture": "#0"}
			}
		},
		{
			"name": "left",
			"from": [22, 5.7273, 25.57782],
			"to": [27.7, 7.43598, 32],
			"rotation": {"angle": 45, "axis": "x", "origin": [24.85, 9.73788, 33.38949]},
			"faces": {
				"north": {"uv": [7.675, 11, 6.25, 11.42717], "texture": "#2"},
				"east": {"uv": [9.10554, 11, 7.5, 11.42717], "texture": "#2"},
				"south": {"uv": [10.425, 11, 9, 11.42717], "texture": "#2"},
				"west": {"uv": [6.35555, 11, 4.75, 11.42717], "texture": "#2"},
				"up": {"uv": [6.25, 11.10555, 7.675, 9.5], "texture": "#2"},
				"down": {"uv": [7.5, 9.5, 8.925, 11.10555], "texture": "#2"}
			}
		},
		{
			"name": "left",
			"from": [19.3, 10.75563, -7.17592],
			"to": [22, 24.17782, -5.46724],
			"rotation": {"angle": 45, "axis": "x", "origin": [20.65, 22.39601, -6.53371]},
			"faces": {
				"north": {"uv": [6.425, 8.14445, 5.75, 11.5], "texture": "#0"},
				"east": {"uv": [6.67717, 8.14445, 6.25, 11.5], "texture": "#0"},
				"south": {"uv": [7.175, 8.14445, 6.5, 11.5], "texture": "#0"},
				"west": {"uv": [5.92717, 8.14445, 5.5, 11.5], "texture": "#0"},
				"up": {"uv": [5.75, 9.92717, 6.425, 9.5], "texture": "#0"},
				"down": {"uv": [6.25, 9.5, 6.925, 9.92717], "texture": "#0"}
			}
		},
		{
			"name": "left",
			"from": [21.2, 13.94772, 10.58502],
			"to": [21.8, 19.85858, 11.0072],
			"rotation": {"angle": 0, "axis": "x", "origin": [20.65, 24.03627, -8.93951]},
			"faces": {
				"north": {"uv": [7, 10.02229, 7.15, 11.5], "texture": "#0"},
				"east": {"uv": [7, 10.02229, 7.10554, 11.5], "texture": "#0"},
				"south": {"uv": [7, 10.02229, 7.15, 11.5], "texture": "#0"},
				"west": {"uv": [7, 10.02229, 7.10554, 11.5], "texture": "#0"},
				"up": {"uv": [7, 10.25, 7.15, 10.35554], "texture": "#0"},
				"down": {"uv": [7, 10.25, 7.15, 10.35554], "texture": "#0"}
			}
		},
		{
			"name": "left",
			"from": [8, 16.3789, -14.97253],
			"to": [20, 21.80108, -11.26385],
			"rotation": {"angle": -22.5, "axis": "x", "origin": [20.65, 15.75919, 11.60459]},
			"faces": {
				"north": {"uv": [6.5, 9.75, 3.5, 11.10555], "texture": "#0"},
				"east": {"uv": [7.42717, 9.75, 6.5, 11.10555], "texture": "#0"},
				"south": {"uv": [10.25, 9.75, 7.25, 11.10555], "texture": "#0"},
				"west": {"uv": [3.67717, 9.75, 2.75, 11.10555], "texture": "#0"},
				"up": {"uv": [3.5, 9.92717, 6.5, 9], "texture": "#0"},
				"down": {"uv": [6.5, 9, 9.5, 9.92717], "texture": "#0"}
			}
		},
		{
			"name": "left",
			"from": [8, 13.22457, -15.07612],
			"to": [17, 18.64676, -11.36744],
			"rotation": {"angle": -22.5, "axis": "x", "origin": [20.65, 15.75919, 11.60459]},
			"faces": {
				"north": {"uv": [6, 9.75, 3.75, 11.10555], "texture": "#2"},
				"east": {"uv": [6.92717, 9.75, 6, 11.10555], "texture": "#2"},
				"south": {"uv": [9, 9.75, 6.75, 11.10555], "texture": "#2"},
				"west": {"uv": [3.92717, 9.75, 3, 11.10555], "texture": "#2"},
				"up": {"uv": [3.75, 9.92717, 6, 9], "texture": "#2"},
				"down": {"uv": [6, 9, 8.25, 9.92717], "texture": "#2"}
			}
		},
		{
			"name": "left",
			"from": [8, 20.25304, 13.93119],
			"to": [22, 23.67523, 15.63987],
			"rotation": {"angle": -45, "axis": "x", "origin": [20.65, 15.75919, 11.60459]},
			"faces": {
				"north": {"uv": [6.5, 9.75, 3, 10.60555], "texture": "#0"},
				"east": {"uv": [6.92717, 9.75, 6.5, 10.60555], "texture": "#0"},
				"south": {"uv": [10.25, 9.75, 6.75, 10.60555], "texture": "#0"},
				"west": {"uv": [0.17717, 14.25, -0.25, 15.10555], "texture": "#0"},
				"up": {"uv": [3, 9.92717, 6.5, 9.5], "texture": "#0"},
				"down": {"uv": [6.5, 9.5, 10, 9.92717], "texture": "#0"}
			}
		},
		{
			"name": "left",
			"from": [8, 23.18193, 5.3494],
			"to": [22, 24.89061, 8.77158],
			"rotation": {"angle": 22.5, "axis": "x", "origin": [20.65, 24.03627, 7.06049]},
			"faces": {
				"north": {"uv": [7, 10.25, 3.5, 10.67717], "texture": "#0"},
				"east": {"uv": [7.85555, 10.25, 7, 10.67717], "texture": "#0"},
				"south": {"uv": [11.25, 10.25, 7.75, 10.67717], "texture": "#0"},
				"west": {"uv": [0.60555, 14.75, -0.25, 15.17717], "texture": "#0"},
				"up": {"uv": [3.5, 10.35554, 7, 9.5], "texture": "#0"},
				"down": {"uv": [7, 9.5, 10.5, 10.35554], "texture": "#0"}
			}
		},
		{
			"name": "left",
			"from": [19.3, 12.05061, 11.95129],
			"to": [22, 21.47279, 13.65997],
			"rotation": {"angle": -22.5, "axis": "x", "origin": [20.65, 15.75919, 11.60459]},
			"faces": {
				"north": {"uv": [6.425, 9.14446, 5.75, 11.5], "texture": "#0"},
				"east": {"uv": [6.67717, 9.14446, 6.25, 11.5], "texture": "#0"},
				"south": {"uv": [7.175, 9.14446, 6.5, 11.5], "texture": "#0"},
				"west": {"uv": [5.92717, 9.14446, 5.5, 11.5], "texture": "#0"},
				"up": {"uv": [5.75, 9.92717, 6.425, 9.5], "texture": "#0"},
				"down": {"uv": [6.25, 9.5, 6.925, 9.92717], "texture": "#0"}
			}
		},
		{
			"name": "left",
			"from": [8, 21.21042, -5.92603],
			"to": [22, 22.9191, -2.50385],
			"rotation": {"angle": -22.5, "axis": "x", "origin": [20.65, 24.03627, -8.93951]},
			"faces": {
				"north": {"uv": [10, 10.25, 6.5, 10.67717], "texture": "#0"},
				"east": {"uv": [10.85555, 10.25, 10, 10.67717], "texture": "#0"},
				"south": {"uv": [14.25, 10.25, 10.75, 10.67717], "texture": "#0"},
				"west": {"uv": [6.60555, 10.25, 5.75, 10.67717], "texture": "#0"},
				"up": {"uv": [6.5, 10.35554, 10, 9.5], "texture": "#0"},
				"down": {"uv": [10, 9.5, 13.5, 10.35554], "texture": "#0"}
			}
		},
		{
			"name": "left",
			"from": [21.2, 7.90386, -5.38483],
			"to": [22, 21.61254, -3.96265],
			"rotation": {"angle": -22.5, "axis": "x", "origin": [20.65, 24.03627, -8.93951]},
			"faces": {
				"north": {"uv": [7, 8.07283, 7.2, 11.5], "texture": "#0"},
				"east": {"uv": [7.35555, 8.07283, 7, 11.5], "texture": "#0"},
				"south": {"uv": [7.25, 8.07283, 7.45, 11.5], "texture": "#0"},
				"west": {"uv": [7.10555, 8.07283, 6.75, 11.5], "texture": "#0"},
				"up": {"uv": [7, 10.35554, 7.2, 10], "texture": "#0"},
				"down": {"uv": [7, 10, 7.2, 10.35554], "texture": "#0"}
			}
		},
		{
			"name": "left",
			"from": [21.2, 17.94772, -1.41498],
			"to": [21.8, 23.85858, -0.9928],
			"rotation": {"angle": 0, "axis": "x", "origin": [20.65, 24.03627, -8.93951]},
			"faces": {
				"north": {"uv": [7, 10.02229, 7.15, 11.5], "texture": "#0"},
				"east": {"uv": [7, 10.02229, 7.10555, 11.5], "texture": "#0"},
				"south": {"uv": [7, 10.02229, 7.15, 11.5], "texture": "#0"},
				"west": {"uv": [7, 10.02229, 7.10555, 11.5], "texture": "#0"},
				"up": {"uv": [7, 10.25, 7.15, 10.35554], "texture": "#0"},
				"down": {"uv": [7, 10.25, 7.15, 10.35554], "texture": "#0"}
			}
		},
		{
			"name": "front",
			"from": [8, 10, 26],
			"to": [16, 11, 31],
			"rotation": {"angle": 0, "axis": "z", "origin": [12, 11, 28.5]},
			"faces": {
				"north": {"uv": [5.5, 5.25, 3.5, 5.5], "texture": "#2"},
				"east": {"uv": [6.75, 5.25, 5.5, 5.5], "texture": "#2"},
				"south": {"uv": [8.75, 5.25, 6.75, 5.5], "texture": "#2"},
				"west": {"uv": [3.5, 5.25, 2.25, 5.5], "texture": "#2"},
				"up": {"uv": [3.5, 5.25, 5.5, 4], "texture": "#2"},
				"down": {"uv": [5.5, 4, 7.5, 5.25], "texture": "#2"}
			}
		},
		{
			"name": "front",
			"from": [8, 4, 24],
			"to": [22, 14, 28],
			"rotation": {"angle": -22.5, "axis": "x", "origin": [14, 9, 26]},
			"faces": {
				"north": {"uv": [9.75, 5.25, 6.25, 7.75], "texture": "#0"},
				"east": {"uv": [9.75, 5.25, 6.25, 7.75], "texture": "#0"},
				"south": {"uv": [9.75, 5.25, 6.25, 7.75], "texture": "#0"},
				"west": {"uv": [9.75, 5.25, 6.25, 7.75], "texture": "#0"},
				"up": {"uv": [9.75, 5.25, 6.25, 7.75], "texture": "#0"},
				"down": {"uv": [9.75, 5.25, 6.25, 7.75], "texture": "#0"}
			}
		},
		{
			"name": "front",
			"from": [15, 2, 26],
			"to": [17, 10, 31],
			"rotation": {"angle": 0, "axis": "y", "origin": [12, 2, 12]},
			"faces": {
				"north": {"uv": [4, 5.25, 3.5, 7.25], "texture": "#2"},
				"east": {"uv": [5.25, 5.25, 4, 7.25], "texture": "#2"},
				"south": {"uv": [5.75, 5.25, 5.25, 7.25], "texture": "#2"},
				"west": {"uv": [3.5, 5.25, 2.25, 7.25], "texture": "#2"},
				"up": {"uv": [3.5, 5.25, 4, 4], "texture": "#2"},
				"down": {"uv": [4, 4, 4.5, 5.25], "texture": "#2"}
			}
		},
		{
			"name": "bottom",
			"from": [-3, 4, -10],
			"to": [19, 6, 26],
			"rotation": {"angle": 0, "axis": "y", "origin": [16, 0, 0]},
			"faces": {
				"north": {"uv": [11, 7, 5.5, 7.5], "texture": "#0"},
				"east": {"uv": [20, 7, 11, 7.5], "texture": "#0"},
				"south": {"uv": [25.5, 7, 20, 7.5], "texture": "#0"},
				"west": {"uv": [5.5, 7, -3.5, 7.5], "texture": "#0"},
				"up": {"uv": [5.5, 7, 11, -2], "texture": "#0"},
				"down": {"uv": [11, -2, 16.5, 7], "texture": "#0"}
			}
		},
		{
			"name": "bottom",
			"from": [-3.3, 3.8, -10.2],
			"to": [19.3, 5.8, 26.1],
			"rotation": {"angle": 0, "axis": "y", "origin": [16, 0, 0]},
			"faces": {
				"north": {"uv": [11, 7, 5.5, 7.5], "texture": "#2"},
				"east": {"uv": [20, 7, 11, 7.5], "texture": "#2"},
				"south": {"uv": [25.5, 7, 20, 7.5], "texture": "#2"},
				"west": {"uv": [5.5, 7, -3.5, 7.5], "texture": "#2"},
				"up": {"uv": [4, 12.75, 9.5, 3.75], "texture": "#2"},
				"down": {"uv": [11, -2, 16.5, 7], "texture": "#2"}
			}
		},
		{
			"from": [21, 0.04, -11],
			"to": [27, 2.04, -6],
			"rotation": {"angle": 0, "axis": "y", "origin": [25, 0, -11]},
			"faces": {
				"north": {"uv": [3.5, 1.5, 6.25, 3.25], "texture": "#7"},
				"east": {"uv": [3.5, 1.5, 6.25, 3.25], "texture": "#7"},
				"south": {"uv": [3.5, 1.5, 6.25, 3.25], "texture": "#7"},
				"west": {"uv": [3.5, 1.5, 6.25, 3.25], "texture": "#7"},
				"up": {"uv": [3.5, 1.5, 6.25, 3.25], "texture": "#7"},
				"down": {"uv": [3.5, 1.5, 6.25, 3.25], "texture": "#7"}
			}
		},
		{
			"from": [21, 7, -11],
			"to": [27, 9, -6],
			"rotation": {"angle": 0, "axis": "y", "origin": [25, 7, -11]},
			"faces": {
				"north": {"uv": [3.5, 1.5, 6.25, 3.25], "texture": "#7"},
				"east": {"uv": [3.5, 1.5, 6.25, 3.25], "texture": "#7"},
				"south": {"uv": [3.5, 1.5, 6.25, 3.25], "texture": "#7"},
				"west": {"uv": [3.5, 1.5, 6.25, 3.25], "texture": "#7"},
				"up": {"uv": [3.5, 1.5, 6.25, 3.25], "texture": "#7"},
				"down": {"uv": [3.5, 1.5, 6.25, 3.25], "texture": "#7"}
			}
		},
		{
			"from": [21, 2, -12.96],
			"to": [27, 7, -10.96],
			"rotation": {"angle": 0, "axis": "x", "origin": [25, 2, -11]},
			"faces": {
				"north": {"uv": [14.125, 15.125, 14.375, 15.375], "rotation": 180, "texture": "#7"},
				"east": {"uv": [14.125, 15.125, 14.375, 15.375], "rotation": 180, "texture": "#7"},
				"south": {"uv": [14.125, 15.125, 14.375, 15.375], "rotation": 180, "texture": "#7"},
				"west": {"uv": [14.125, 15.125, 14.375, 15.375], "rotation": 180, "texture": "#7"},
				"up": {"uv": [14.125, 15.125, 14.375, 15.375], "rotation": 180, "texture": "#7"},
				"down": {"uv": [14.125, 15.125, 14.375, 15.375], "rotation": 180, "texture": "#7"}
			}
		},
		{
			"from": [21, 2, -6],
			"to": [27, 7, -4],
			"rotation": {"angle": 0, "axis": "y", "origin": [25, 2, -4]},
			"faces": {
				"north": {"uv": [3.5, 1.5, 6.25, 3.25], "rotation": 180, "texture": "#7"},
				"east": {"uv": [3.5, 1.5, 6.25, 3.25], "rotation": 90, "texture": "#7"},
				"south": {"uv": [3.5, 1.5, 6.25, 3.25], "texture": "#7"},
				"west": {"uv": [3.5, 1.5, 6.25, 3.25], "rotation": 270, "texture": "#7"},
				"up": {"uv": [3.5, 1.5, 6.25, 3.25], "texture": "#7"},
				"down": {"uv": [3.5, 1.5, 6.25, 3.25], "rotation": 180, "texture": "#7"}
			}
		},
		{
			"from": [21, 2, -11],
			"to": [25, 7, -6],
			"rotation": {"angle": 0, "axis": "y", "origin": [23, 3, -10]},
			"faces": {
				"north": {"uv": [8.375, 9.125, 8.875, 9.75], "texture": "#8"},
				"east": {"uv": [7.75, 9.125, 8.375, 9.75], "texture": "#8"},
				"south": {"uv": [9.5, 9.125, 10, 9.75], "texture": "#8"},
				"west": {"uv": [8.875, 9.125, 9.5, 9.75], "texture": "#8"},
				"up": {"uv": [8.875, 9.125, 8.375, 8.5], "texture": "#8"},
				"down": {"uv": [9.375, 8.5, 8.875, 9.125], "texture": "#8"}
			}
		},
		{
			"from": [-11, 5.71421, 18.90711],
			"to": [-5, 7.91421, 21.70711],
			"rotation": {"angle": -45, "axis": "x", "origin": [-8, 8.21421, 20.30711]},
			"faces": {
				"north": {"uv": [3.5, 1.5, 6.25, 3.25], "texture": "#7"},
				"east": {"uv": [3.5, 1.5, 6.25, 3.25], "texture": "#7"},
				"south": {"uv": [3.5, 1.5, 6.25, 3.25], "texture": "#7"},
				"west": {"uv": [3.5, 1.5, 6.25, 3.25], "texture": "#7"},
				"up": {"uv": [3.5, 1.5, 6.25, 3.25], "texture": "#7"},
				"down": {"uv": [3.5, 1.5, 6.25, 3.25], "texture": "#7"}
			}
		},
		{
			"from": [-11, 5.71421, -13.59289],
			"to": [-5, 7.91421, -10.79289],
			"rotation": {"angle": -45, "axis": "x", "origin": [-8, 8.21421, -12.19289]},
			"faces": {
				"north": {"uv": [6.25, 1.5, 3.5, 3.25], "texture": "#7"},
				"east": {"uv": [6.25, 1.5, 3.5, 3.25], "texture": "#7"},
				"south": {"uv": [6.25, 1.5, 3.5, 3.25], "texture": "#7"},
				"west": {"uv": [6.25, 1.5, 3.5, 3.25], "texture": "#7"},
				"up": {"uv": [6.25, 1.5, 3.5, 3.25], "texture": "#7"},
				"down": {"uv": [6.25, 1.5, 3.5, 3.25], "texture": "#7"}
			}
		},
		{
			"from": [21, -0.58579, -11.89289],
			"to": [27, 2.21421, -9.69289],
			"rotation": {"angle": -45, "axis": "x", "origin": [24, 0.81421, -12.19289]},
			"faces": {
				"north": {"uv": [6.25, 1.5, 3.5, 3.25], "rotation": 180, "texture": "#7"},
				"east": {"uv": [6.25, 1.5, 3.5, 3.25], "rotation": 90, "texture": "#7"},
				"south": {"uv": [6.25, 1.5, 3.5, 3.25], "texture": "#7"},
				"west": {"uv": [6.25, 1.5, 3.5, 3.25], "rotation": 270, "texture": "#7"},
				"up": {"uv": [6.25, 1.5, 3.5, 3.25], "texture": "#7"},
				"down": {"uv": [6.25, 1.5, 3.5, 3.25], "rotation": 180, "texture": "#7"}
			}
		},
		{
			"from": [-11, -0.58579, 20.60711],
			"to": [-5, 2.21421, 22.80711],
			"rotation": {"angle": -45, "axis": "x", "origin": [-8, 0.81421, 20.30711]},
			"faces": {
				"north": {"uv": [3.5, 1.5, 6.25, 3.25], "rotation": 180, "texture": "#7"},
				"east": {"uv": [6.25, 3.25, 3.5, 1.5], "rotation": 270, "texture": "#7"},
				"south": {"uv": [3.5, 1.5, 6.25, 3.25], "texture": "#7"},
				"west": {"uv": [6.25, 3.25, 3.5, 1.5], "rotation": 90, "texture": "#7"},
				"up": {"uv": [3.5, 1.5, 6.25, 3.25], "texture": "#7"},
				"down": {"uv": [3.5, 1.5, 6.25, 3.25], "rotation": 180, "texture": "#7"}
			}
		},
		{
			"from": [-11, 1.33, 26.01],
			"to": [-5, 4.13, 28.21],
			"rotation": {"angle": 45, "axis": "x", "origin": [-8, 2.71421, 25.80711]},
			"faces": {
				"north": {"uv": [3.5, 1.5, 6.25, 3.25], "rotation": 180, "texture": "#7"},
				"east": {"uv": [6.25, 3.25, 3.5, 1.5], "rotation": 270, "texture": "#7"},
				"south": {"uv": [3.5, 1.5, 6.25, 3.25], "texture": "#7"},
				"west": {"uv": [6.25, 3.25, 3.5, 1.5], "rotation": 90, "texture": "#7"},
				"up": {"uv": [3.5, 1.5, 6.25, 3.25], "texture": "#7"},
				"down": {"uv": [3.5, 1.5, 6.25, 3.25], "rotation": 180, "texture": "#7"}
			}
		},
		{
			"from": [21, 5.71421, -6.19289],
			"to": [27, 7.91421, -3.39289],
			"rotation": {"angle": 45, "axis": "x", "origin": [24, 8.21421, -4.79289]},
			"faces": {
				"north": {"uv": [6.25, 1.5, 3.5, 3.25], "texture": "#7"},
				"east": {"uv": [6.25, 1.5, 3.5, 3.25], "texture": "#7"},
				"south": {"uv": [6.25, 1.5, 3.5, 3.25], "texture": "#7"},
				"west": {"uv": [6.25, 1.5, 3.5, 3.25], "texture": "#7"},
				"up": {"uv": [6.25, 1.5, 3.5, 3.25], "texture": "#7"},
				"down": {"uv": [6.25, 1.5, 3.5, 3.25], "texture": "#7"}
			}
		},
		{
			"from": [-11, 5.71421, 26.30711],
			"to": [-5, 7.91421, 29.10711],
			"rotation": {"angle": 45, "axis": "x", "origin": [-8, 8.21421, 27.70711]},
			"faces": {
				"north": {"uv": [3.5, 1.5, 6.25, 3.25], "texture": "#7"},
				"east": {"uv": [3.5, 1.5, 6.25, 3.25], "texture": "#7"},
				"south": {"uv": [3.5, 1.5, 6.25, 3.25], "texture": "#7"},
				"west": {"uv": [3.5, 1.5, 6.25, 3.25], "texture": "#7"},
				"up": {"uv": [3.5, 1.5, 6.25, 3.25], "texture": "#7"},
				"down": {"uv": [3.5, 1.5, 6.25, 3.25], "texture": "#7"}
			}
		},
		{
			"from": [21, 0.40409, -6.86045],
			"to": [27, 3.20409, -4.66045],
			"rotation": {"angle": 45, "axis": "x", "origin": [24, 1.80409, -5.76045]},
			"faces": {
				"north": {"uv": [6.25, 1.5, 3.5, 3.25], "rotation": 180, "texture": "#7"},
				"east": {"uv": [6.25, 1.5, 3.5, 3.25], "rotation": 90, "texture": "#7"},
				"south": {"uv": [6.25, 1.5, 3.5, 3.25], "texture": "#7"},
				"west": {"uv": [6.25, 1.5, 3.5, 3.25], "rotation": 270, "texture": "#7"},
				"up": {"uv": [6.25, 1.5, 3.5, 3.25], "texture": "#7"},
				"down": {"uv": [6.25, 1.5, 3.5, 3.25], "rotation": 180, "texture": "#7"}
			}
		},
		{
			"from": [-11, 0.40409, -6.86045],
			"to": [-5, 3.20409, -4.66045],
			"rotation": {"angle": 45, "axis": "x", "origin": [-8, 1.80409, -5.76045]},
			"faces": {
				"north": {"uv": [3.5, 1.5, 6.25, 3.25], "rotation": 180, "texture": "#7"},
				"east": {"uv": [6.25, 3.25, 3.5, 1.5], "rotation": 270, "texture": "#7"},
				"south": {"uv": [3.5, 1.5, 6.125, 3.125], "texture": "#7"},
				"west": {"uv": [6.125, 3.125, 3.5, 1.5], "rotation": 90, "texture": "#7"},
				"up": {"uv": [3.5, 1.5, 6.25, 3.25], "texture": "#7"},
				"down": {"uv": [3.5, 1.5, 6.25, 3.25], "rotation": 180, "texture": "#7"}
			}
		},
		{
			"from": [21, 5.71421, -13.59289],
			"to": [27, 7.91421, -10.79289],
			"rotation": {"angle": -45, "axis": "x", "origin": [24, 8.21421, -12.19289]},
			"faces": {
				"north": {"uv": [3.5, 3, 3.75, 3.25], "texture": "#7"},
				"east": {"uv": [3.5, 3, 3.75, 3.25], "texture": "#7"},
				"south": {"uv": [3.5, 3, 3.75, 3.25], "texture": "#7"},
				"west": {"uv": [3.5, 3, 3.75, 3.25], "texture": "#7"},
				"up": {"uv": [3.5, 3, 3.75, 3.25], "texture": "#7"},
				"down": {"uv": [3.5, 3, 3.75, 3.25], "texture": "#7"}
			}
		},
		{
			"from": [-11, 0.04, 21.5],
			"to": [-5, 2.04, 26.5],
			"rotation": {"angle": 0, "axis": "y", "origin": [-7, 0, 21.5]},
			"faces": {
				"north": {"uv": [3.5, 1.5, 6.25, 3.25], "texture": "#7"},
				"east": {"uv": [3.5, 1.5, 6.25, 3.25], "texture": "#7"},
				"south": {"uv": [3.5, 1.5, 6.25, 3.25], "texture": "#7"},
				"west": {"uv": [3.5, 1.5, 4.125, 1.75], "texture": "#7"},
				"up": {"uv": [3.5, 1.5, 6.25, 3.25], "texture": "#7"},
				"down": {"uv": [3.5, 1.5, 6.25, 3.25], "texture": "#7"}
			}
		},
		{
			"from": [-11, 7, 21.5],
			"to": [-5, 9, 26.5],
			"rotation": {"angle": 0, "axis": "y", "origin": [-7, 7, 21.5]},
			"faces": {
				"north": {"uv": [3.5, 1.5, 6.25, 3.25], "texture": "#7"},
				"east": {"uv": [3.5, 1.5, 6.25, 3.25], "texture": "#7"},
				"south": {"uv": [3.5, 1.5, 6.25, 3.25], "texture": "#7"},
				"west": {"uv": [3.5, 1.5, 6.25, 3.25], "texture": "#7"},
				"up": {"uv": [3.5, 1.5, 6.25, 3.25], "texture": "#7"},
				"down": {"uv": [3.5, 1.5, 6.25, 3.25], "texture": "#7"}
			}
		},
		{
			"from": [-11, 2, 19.5],
			"to": [-5, 7, 21.5],
			"rotation": {"angle": 0, "axis": "y", "origin": [-7, 2, 21.5]},
			"faces": {
				"north": {"uv": [3.5, 1.5, 6.25, 3.25], "rotation": 180, "texture": "#7"},
				"east": {"uv": [3.5, 1.5, 6.25, 3.25], "rotation": 90, "texture": "#7"},
				"south": {"uv": [3.5, 1.5, 6.25, 3.25], "texture": "#7"},
				"west": {"uv": [3.5, 1.5, 6.25, 3.25], "rotation": 270, "texture": "#7"},
				"up": {"uv": [3.5, 1.5, 6.25, 3.25], "texture": "#7"},
				"down": {"uv": [3.5, 1.5, 6.25, 3.25], "rotation": 180, "texture": "#7"}
			}
		},
		{
			"from": [-11, 2, 26.5],
			"to": [-5, 7, 28.5],
			"rotation": {"angle": 0, "axis": "y", "origin": [-7, 2, 28.5]},
			"faces": {
				"north": {"uv": [3.5, 1.5, 6.25, 3.25], "rotation": 180, "texture": "#7"},
				"east": {"uv": [3.5, 1.5, 6.25, 3.25], "rotation": 90, "texture": "#7"},
				"south": {"uv": [3.5, 1.5, 6.25, 3.25], "texture": "#7"},
				"west": {"uv": [0.375, 15.125, 0.625, 15.375], "rotation": 270, "texture": "#7"},
				"up": {"uv": [3.5, 1.5, 6.25, 3.25], "texture": "#7"},
				"down": {"uv": [3.5, 1.5, 6.25, 3.25], "rotation": 180, "texture": "#7"}
			}
		},
		{
			"from": [-9, 2, 21.5],
			"to": [-5, 7, 26.5],
			"rotation": {"angle": 0, "axis": "y", "origin": [-7, 3, 22.5]},
			"faces": {
				"north": {"uv": [12.875, 5.125, 12.375, 5.75], "texture": "#8"},
				"east": {"uv": [13.5, 5.125, 12.875, 5.75], "texture": "#8"},
				"south": {"uv": [14, 5.125, 13.5, 5.75], "texture": "#8"},
				"west": {"uv": [12.375, 5.125, 11.75, 5.75], "texture": "#8"},
				"up": {"uv": [12.375, 5.125, 12.875, 4.5], "texture": "#8"},
				"down": {"uv": [12.875, 4.5, 13.375, 5.125], "texture": "#8"}
			}
		},
		{
			"from": [21, 0.04, 21.5],
			"to": [27, 2.04, 26.5],
			"rotation": {"angle": 0, "axis": "y", "origin": [23, 0, 21.5]},
			"faces": {
				"north": {"uv": [6.25, 1.5, 3.5, 3.25], "texture": "#7"},
				"east": {"uv": [6.25, 1.5, 3.5, 3.25], "texture": "#7"},
				"south": {"uv": [6.25, 1.5, 3.5, 3.25], "texture": "#7"},
				"west": {"uv": [6.25, 1.5, 3.5, 3.25], "texture": "#7"},
				"up": {"uv": [6.25, 1.5, 3.5, 3.25], "texture": "#7"},
				"down": {"uv": [6.25, 1.5, 3.5, 3.25], "texture": "#7"}
			}
		},
		{
			"from": [21, 5.71421, 18.90711],
			"to": [27, 7.91421, 21.70711],
			"rotation": {"angle": -45, "axis": "x", "origin": [24, 8.21421, 20.30711]},
			"faces": {
				"north": {"uv": [6.25, 1.5, 3.5, 3.25], "texture": "#7"},
				"east": {"uv": [6.25, 1.5, 3.5, 3.25], "texture": "#7"},
				"south": {"uv": [6.25, 1.5, 3.5, 3.25], "texture": "#7"},
				"west": {"uv": [6.25, 1.5, 3.5, 3.25], "texture": "#7"},
				"up": {"uv": [6.25, 1.5, 3.5, 3.25], "texture": "#7"},
				"down": {"uv": [6.25, 1.5, 3.5, 3.25], "texture": "#7"}
			}
		},
		{
			"from": [21, 5.71421, 26.30711],
			"to": [27, 7.91421, 29.10711],
			"rotation": {"angle": 45, "axis": "x", "origin": [24, 8.21421, 27.70711]},
			"faces": {
				"north": {"uv": [6.25, 1.5, 3.5, 3.25], "texture": "#7"},
				"east": {"uv": [6.25, 1.5, 3.5, 3.25], "texture": "#7"},
				"south": {"uv": [6.25, 1.5, 3.5, 3.25], "texture": "#7"},
				"west": {"uv": [6.25, 1.5, 3.5, 3.25], "texture": "#7"},
				"up": {"uv": [6.25, 1.5, 3.5, 3.25], "texture": "#7"},
				"down": {"uv": [6.25, 1.5, 3.5, 3.25], "texture": "#7"}
			}
		},
		{
			"from": [21, -0.58579, 20.60711],
			"to": [27, 2.21421, 22.80711],
			"rotation": {"angle": -45, "axis": "x", "origin": [24, 0.81421, 20.30711]},
			"faces": {
				"north": {"uv": [6.25, 1.5, 3.5, 3.25], "rotation": 180, "texture": "#7"},
				"east": {"uv": [6.25, 1.5, 3.5, 3.25], "rotation": 90, "texture": "#7"},
				"south": {"uv": [6.25, 1.5, 3.5, 3.25], "texture": "#7"},
				"west": {"uv": [6.25, 1.5, 3.5, 3.25], "rotation": 270, "texture": "#7"},
				"up": {"uv": [6.25, 1.5, 3.5, 3.25], "texture": "#7"},
				"down": {"uv": [6.25, 1.5, 3.5, 3.25], "rotation": 180, "texture": "#7"}
			}
		},
		{
			"from": [21, 1.33, 26.01],
			"to": [27, 4.13, 28.21],
			"rotation": {"angle": 45, "axis": "x", "origin": [24, 2.71421, 25.80711]},
			"faces": {
				"north": {"uv": [6.25, 1.5, 3.5, 3.25], "rotation": 180, "texture": "#7"},
				"east": {"uv": [6.25, 1.5, 3.5, 3.25], "rotation": 90, "texture": "#7"},
				"south": {"uv": [6.25, 1.5, 3.5, 3.25], "texture": "#7"},
				"west": {"uv": [6.25, 1.5, 3.5, 3.25], "rotation": 270, "texture": "#7"},
				"up": {"uv": [6.25, 1.5, 3.5, 3.25], "texture": "#7"},
				"down": {"uv": [6.25, 1.5, 3.5, 3.25], "rotation": 180, "texture": "#7"}
			}
		},
		{
			"from": [21, 7, 21.5],
			"to": [27, 9, 26.5],
			"rotation": {"angle": 0, "axis": "y", "origin": [23, 7, 21.5]},
			"faces": {
				"north": {"uv": [6.25, 1.5, 3.5, 3.25], "texture": "#7"},
				"east": {"uv": [4.125, 1.5, 3.5, 1.75], "texture": "#7"},
				"south": {"uv": [6.25, 1.5, 3.5, 3.25], "texture": "#7"},
				"west": {"uv": [6.25, 1.5, 3.5, 3.25], "texture": "#7"},
				"up": {"uv": [6.25, 1.5, 3.5, 3.25], "texture": "#7"},
				"down": {"uv": [6.25, 1.5, 3.5, 3.25], "texture": "#7"}
			}
		},
		{
			"from": [21, 2, 19.5],
			"to": [27, 7, 21.5],
			"rotation": {"angle": 0, "axis": "y", "origin": [23, 2, 21.5]},
			"faces": {
				"north": {"uv": [6.25, 1.5, 3.5, 3.25], "rotation": 180, "texture": "#7"},
				"east": {"uv": [14.125, 12.375, 14.375, 12.125], "rotation": 270, "texture": "#7"},
				"south": {"uv": [6.25, 1.5, 3.5, 3.25], "texture": "#7"},
				"west": {"uv": [3.5, 3.25, 6.25, 1.5], "rotation": 90, "texture": "#7"},
				"up": {"uv": [6.25, 1.5, 3.5, 3.25], "texture": "#7"},
				"down": {"uv": [6.25, 1.5, 3.5, 3.25], "rotation": 180, "texture": "#7"}
			}
		},
		{
			"from": [21, 2, 26.5],
			"to": [27, 7, 28.5],
			"rotation": {"angle": 0, "axis": "y", "origin": [23, 2, 28.5]},
			"faces": {
				"north": {"uv": [6.25, 1.5, 3.5, 3.25], "rotation": 180, "texture": "#7"},
				"east": {"uv": [3.5, 3.25, 6.25, 1.5], "rotation": 270, "texture": "#7"},
				"south": {"uv": [6.25, 1.5, 3.5, 3.25], "texture": "#7"},
				"west": {"uv": [3.5, 3.25, 6.25, 1.5], "rotation": 90, "texture": "#7"},
				"up": {"uv": [6.25, 1.5, 3.5, 3.25], "texture": "#7"},
				"down": {"uv": [6.25, 1.5, 3.5, 3.25], "rotation": 180, "texture": "#7"}
			}
		},
		{
			"from": [21, 2, 21.5],
			"to": [25, 7, 26.5],
			"rotation": {"angle": 0, "axis": "y", "origin": [23, 3, 22.5]},
			"faces": {
				"north": {"uv": [12.375, 13.125, 12.875, 13.75], "texture": "#8"},
				"east": {"uv": [11.75, 13.125, 12.375, 13.75], "texture": "#8"},
				"south": {"uv": [13.5, 13.125, 14, 13.75], "texture": "#8"},
				"west": {"uv": [12.875, 13.125, 13.5, 13.75], "texture": "#8"},
				"up": {"uv": [12.875, 13.125, 12.375, 12.5], "texture": "#8"},
				"down": {"uv": [13.375, 12.5, 12.875, 13.125], "texture": "#8"}
			}
		},
		{
			"from": [-11, 5.71421, -6.19289],
			"to": [-5, 7.91421, -3.39289],
			"rotation": {"angle": 45, "axis": "x", "origin": [-8, 8.21421, -4.79289]},
			"faces": {
				"north": {"uv": [3.5, 1.5, 6.25, 3.25], "texture": "#7"},
				"east": {"uv": [3.5, 1.5, 6.25, 3.25], "texture": "#7"},
				"south": {"uv": [3.5, 1.5, 6.25, 3.25], "texture": "#7"},
				"west": {"uv": [3.5, 1.5, 6.125, 3.125], "texture": "#7"},
				"up": {"uv": [3.5, 1.5, 6.25, 3.25], "texture": "#7"},
				"down": {"uv": [3.5, 1.5, 6.125, 3.125], "texture": "#7"}
			}
		},
		{
			"from": [-11, -0.58579, -11.89289],
			"to": [-5, 2.21421, -9.69289],
			"rotation": {"angle": -45, "axis": "x", "origin": [-8, 0.81421, -12.19289]},
			"faces": {
				"north": {"uv": [3.5, 1.5, 6.125, 3.125], "rotation": 180, "texture": "#7"},
				"east": {"uv": [6.25, 3.25, 3.5, 1.5], "rotation": 270, "texture": "#7"},
				"south": {"uv": [3.5, 1.5, 6.25, 3.25], "texture": "#7"},
				"west": {"uv": [6.125, 3.125, 3.5, 1.5], "rotation": 90, "texture": "#7"},
				"up": {"uv": [3.5, 1.5, 6.25, 3.25], "texture": "#7"},
				"down": {"uv": [3.5, 1.5, 6.25, 3.25], "rotation": 180, "texture": "#7"}
			}
		},
		{
			"from": [-11, 0.04, -11],
			"to": [-5, 2.04, -6],
			"rotation": {"angle": 0, "axis": "y", "origin": [-9, 0, -11]},
			"faces": {
				"north": {"uv": [6.25, 1.5, 3.5, 3.25], "texture": "#7"},
				"east": {"uv": [6.25, 1.5, 3.5, 3.25], "texture": "#7"},
				"south": {"uv": [6.25, 1.5, 3.5, 3.25], "texture": "#7"},
				"west": {"uv": [6.125, 1.5, 3.5, 3.125], "texture": "#7"},
				"up": {"uv": [6.25, 1.5, 3.5, 3.25], "texture": "#7"},
				"down": {"uv": [6.125, 1.5, 3.5, 3.125], "texture": "#7"}
			}
		},
		{
			"from": [-11, 7, -11],
			"to": [-5, 9, -6],
			"rotation": {"angle": 0, "axis": "y", "origin": [-9, 7, -11]},
			"faces": {
				"north": {"uv": [3.5, 1.5, 6.25, 3.25], "texture": "#7"},
				"east": {"uv": [3.5, 1.5, 6.25, 3.25], "texture": "#7"},
				"south": {"uv": [3.5, 1.5, 6.25, 3.25], "texture": "#7"},
				"west": {"uv": [3.5, 1.5, 6.125, 3.125], "texture": "#7"},
				"up": {"uv": [3.5, 1.5, 6.125, 3.125], "texture": "#7"},
				"down": {"uv": [3.5, 1.5, 6.125, 3.125], "texture": "#7"}
			}
		},
		{
			"from": [-11, 2, -12.96],
			"to": [-5, 7, -10.96],
			"rotation": {"angle": 0, "axis": "x", "origin": [-9, 2, -11]},
			"faces": {
				"north": {"uv": [6.125, 1.5, 3.5, 3.125], "rotation": 180, "texture": "#7"},
				"east": {"uv": [4, 3.125, 6.75, 1.375], "rotation": 270, "texture": "#7"},
				"south": {"uv": [4.125, 5.25, 1.5, 6.875], "texture": "#7"},
				"west": {"uv": [5.25, 2.875, 7.875, 1.25], "rotation": 90, "texture": "#7"},
				"up": {"uv": [4.75, 2.75, 2, 4.5], "texture": "#7"},
				"down": {"uv": [5.5, 4, 2.75, 5.75], "rotation": 180, "texture": "#7"}
			}
		},
		{
			"from": [-11, 2, -6],
			"to": [-5, 7, -4],
			"rotation": {"angle": 0, "axis": "y", "origin": [-9, 2, -4]},
			"faces": {
				"north": {"uv": [4, 3.25, 6.75, 5], "rotation": 180, "texture": "#7"},
				"east": {"uv": [3.75, 4, 6.5, 5.75], "rotation": 90, "texture": "#7"},
				"south": {"uv": [3.75, 5.875, 6.375, 7.5], "texture": "#7"},
				"west": {"uv": [2.25, 5.3125, 2.875, 5.5625], "rotation": 270, "texture": "#7"},
				"up": {"uv": [1.5, 1, 4.25, 2.75], "texture": "#7"},
				"down": {"uv": [3.25, 3.5, 6, 5.25], "rotation": 180, "texture": "#7"}
			}
		},
		{
			"from": [-9, 2, -11],
			"to": [-5, 7, -6],
			"rotation": {"angle": 0, "axis": "y", "origin": [-7, 3, -10]},
			"faces": {
				"north": {"uv": [8.75, 8.875, 9.25, 9.5], "texture": "#8"},
				"east": {"uv": [8.125, 8.875, 8.75, 9.5], "texture": "#8"},
				"south": {"uv": [9.875, 8.875, 10.375, 9.5], "texture": "#8"},
				"west": {"uv": [9.25, 8.875, 9.875, 9.5], "texture": "#8"},
				"up": {"uv": [9.25, 8.875, 8.75, 8.25], "texture": "#8"},
				"down": {"uv": [9.75, 8.25, 9.25, 8.875], "texture": "#8"}
			}
		}
	],
	"overrides": [
		{"predicate": {"custom_model_data": 1234567}, "model": "item/flint"}
	],
	"display": {
		"head": {
			"rotation": [0, 180, 0],
			"translation": [0, -64.25, -1.5],
			"scale": [1.45, 2.15, 2.15]
		}
	},
	"groups": [
		{
			"name": "base",
			"origin": [8, 8, 8],
			"color": 0,
			"children": [
				{
					"name": "left",
					"origin": [7, 2, 0],
					"rotation": [0, -90, 0],
					"color": 0,
					"children": [0]
				},
				{
					"name": "right",
					"origin": [9, 2, 0],
					"rotation": [0, 90, 0],
					"color": 0,
					"children": [1, 2, 3, 4, 5, 6, 7, 8, 9, 10, 11, 12, 13, 14, 15, 16, 17, 18, 19, 20, 21, 22, 23, 24, 25, 26, 27, 28]
				},
				{
					"name": "front",
					"origin": [-4, 2, 15],
					"color": 0,
					"children": [29, 30, 31, 32]
				},
				{
					"name": "bottom",
					"origin": [-1, 3, 0],
					"rotation": [0, -90, -90],
					"color": 0,
					"children": [33]
				},
				{
					"name": "back",
					"origin": [0, 2, -15],
					"rotation": [0, 180, 0],
					"color": 0,
					"children": [34]
				},
				{
					"name": "left",
					"origin": [7, 2, 0],
					"rotation": [0, -90, 0],
					"color": 0,
					"children": [35, 36, 37, 38, 39, 40, 41, 42, 43, 44, 45, 46, 47, 48, 49, 50, 51, 52, 53, 54, 55, 56, 57, 58, 59, 60, 61]
				},
				{
					"name": "front2",
					"origin": [20, 2, 15],
					"color": 0,
					"children": [62, 63]
				},
				{
					"name": "front",
					"origin": [20, 2, 15],
					"color": 0,
					"children": [64]
				},
				{
					"name": "bottom",
					"origin": [17, 3, 0],
					"rotation": [0, 90, 90],
					"color": 0,
					"children": [65, 66]
				}
			]
		},
		{
			"name": "kart",
			"origin": [8, 8, 8],
			"color": 0,
			"children": [
				{
					"name": "wheels",
					"origin": [8, 8, 8],
					"color": 0,
					"children": [
						{
							"name": "R1",
							"origin": [8, 8, 8],
							"color": 0,
							"children": [67, 68, 69, 70, 71, 72, 73, 74, 75, 76, 77, 78, 79, 80, 81]
						},
						{
							"name": "L1",
							"origin": [8, 8, 8],
							"color": 0,
							"children": [82, 83, 84, 85, 86]
						},
						{
							"name": "R2",
							"origin": [8, 8, 8],
							"color": 0,
							"children": [87, 88, 89, 90, 91, 92, 93, 94, 95, 96, 97]
						},
						{
							"name": "L2",
							"origin": [8, 8, 8],
							"color": 0,
							"children": [98, 99, 100, 101, 102]
						}
					]
				}
			]
		}
	]
}