{
	"credit": "Made with Blockbench",
	"texture_size": [64, 64],
	"textures": {
		"0": "item/panel1",
		"1": "item/glass",
		"2": "item/carbon1",
		"4": "item/vent1",
		"5": "item/light2",
		"7": "item/tire1",
		"8": "item/rim1",
		"9": "item/intake1",
		"particle": "item/intake1"
	},
	"elements": [
		{
			"name": "left",
			"from": [19, 5, -10],
			"to": [21, 11, 26],
			"rotation": {"angle": 0, "axis": "y", "origin": [16, 0, 0]},
			"faces": {
				"north": {"uv": [7, 17.75, 7.5, 19.25], "texture": "#0"},
				"east": {"uv": [-2, 17.75, 7, 19.25], "texture": "#0"},
				"south": {"uv": [16.5, 17.75, 17, 19.25], "texture": "#0"},
				"west": {"uv": [7.5, 17.75, 16.5, 19.25], "texture": "#0"},
				"up": {"uv": [7.5, 17.75, 7, 8.75], "texture": "#0"},
				"down": {"uv": [8, 8.75, 7.5, 17.75], "texture": "#0"}
			}
		},
		{
			"name": "right",
			"from": [-5, 5, -10],
			"to": [-3, 11, 26],
			"faces": {
				"north": {"uv": [7, 15.75, 7.5, 17.25], "texture": "#0"},
				"east": {"uv": [-2, 15.75, 7, 17.25], "texture": "#0"},
				"south": {"uv": [16.5, 15.75, 17, 17.25], "texture": "#0"},
				"west": {"uv": [7.5, 15.75, 16.5, 17.25], "texture": "#0"},
				"up": {"uv": [7.5, 15.75, 7, 6.75], "texture": "#0"},
				"down": {"uv": [8, 6.75, 7.5, 15.75], "texture": "#0"}
			}
		},
		{
			"name": "right",
			"from": [-11.7, -7.524, 14.35711],
			"to": [-6, -4.324, 23.95711],
			"rotation": {"angle": -45, "axis": "x", "origin": [0, 0, 0]},
			"faces": {
				"north": {"uv": [7.75, 16.25, 9, 17], "texture": "#2"},
				"east": {"uv": [5.5, 16.25, 7.75, 17], "texture": "#2"},
				"south": {"uv": [11.25, 16.25, 12.5, 17], "texture": "#2"},
				"west": {"uv": [9, 16.25, 11.25, 17], "texture": "#2"},
				"up": {"uv": [9, 16.25, 7.75, 14], "texture": "#2"},
				"down": {"uv": [10.25, 14, 9, 16.25], "texture": "#2"}
			}
		},
		{
			"name": "right",
			"from": [-11.7, 5.7273, 25.57782],
			"to": [-6, 7.43598, 32],
			"rotation": {"angle": 45, "axis": "x", "origin": [-8.85, 9.73788, 33.38949]},
			"faces": {
				"north": {"uv": [7.75, 16.25, 9, 16.5], "texture": "#2"},
				"east": {"uv": [6.25, 16.25, 7.75, 16.5], "texture": "#2"},
				"south": {"uv": [10.5, 16.25, 11.75, 16.5], "texture": "#2"},
				"west": {"uv": [9, 16.25, 10.5, 16.5], "texture": "#2"},
				"up": {"uv": [9, 16.25, 7.75, 14.75], "texture": "#2"},
				"down": {"uv": [10.25, 14.75, 9, 16.25], "texture": "#2"}
			}
		},
		{
			"name": "right",
			"from": [-6, 12.05061, 11.95129],
			"to": [-3.3, 21.47279, 13.65997],
			"rotation": {"angle": -22.5, "axis": "x", "origin": [-4.65, 15.75919, 11.60459]},
			"faces": {
				"north": {"uv": [7.25, 15, 7.75, 17.25], "texture": "#2"},
				"east": {"uv": [7, 15, 7.25, 17.25], "texture": "#2"},
				"south": {"uv": [8, 15, 8.5, 17.25], "texture": "#2"},
				"west": {"uv": [7.75, 15, 8, 17.25], "texture": "#2"},
				"up": {"uv": [7.75, 15, 7.25, 14.75], "texture": "#2"},
				"down": {"uv": [8.25, 14.75, 7.75, 15], "texture": "#2"}
			}
		},
		{
			"name": "right",
			"from": [-6, 21.21042, -5.92603],
			"to": [8, 22.9191, -2.50385],
			"rotation": {"angle": -22.5, "axis": "x", "origin": [-4.65, 24.03627, -8.93951]},
			"faces": {
				"north": {"uv": [8, 15.5, 11.5, 15.75], "texture": "#2"},
				"east": {"uv": [7.25, 15.5, 8, 15.75], "texture": "#2"},
				"south": {"uv": [12.25, 15.5, 15.75, 15.75], "texture": "#2"},
				"west": {"uv": [11.5, 15.5, 12.25, 15.75], "texture": "#2"},
				"up": {"uv": [11.5, 15.5, 8, 14.75], "texture": "#2"},
				"down": {"uv": [15, 14.75, 11.5, 15.5], "texture": "#2"}
			}
		},
		{
			"name": "right",
			"from": [-6, 7.90386, -5.38483],
			"to": [-5.2, 21.61254, -3.96265],
			"rotation": {"angle": -22.5, "axis": "x", "origin": [-4.65, 24.03627, -8.93951]},
			"faces": {
				"north": {"uv": [8.5, 15.5, 8.5, 18.75], "texture": "#2"},
				"east": {"uv": [8.25, 15.5, 8.5, 18.75], "texture": "#2"},
				"south": {"uv": [8.75, 15.5, 8.75, 18.75], "texture": "#2"},
				"west": {"uv": [8.5, 15.5, 8.75, 18.75], "texture": "#2"},
				"up": {"uv": [8.5, 15.5, 8.5, 15.25], "texture": "#2"},
				"down": {"uv": [8.5, 15.25, 8.5, 15.5], "texture": "#2"}
			}
		},
		{
			"name": "right",
			"from": [-5.8, 17.94772, -1.41498],
			"to": [-5.2, 23.85858, -0.9928],
			"rotation": {"angle": 0, "axis": "x", "origin": [-4.65, 24.03627, -8.93951]},
			"faces": {
				"north": {"uv": [8.5, 15.5, 8.5, 16.75], "texture": "#2"},
				"east": {"uv": [8.5, 15.5, 8.5, 16.75], "texture": "#2"},
				"south": {"uv": [8.5, 15.5, 8.5, 16.75], "texture": "#2"},
				"west": {"uv": [8.5, 15.5, 8.5, 16.75], "texture": "#2"},
				"up": {"uv": [8.5, 15.5, 8.5, 15.5], "texture": "#2"},
				"down": {"uv": [8.5, 15.5, 8.5, 15.5], "texture": "#2"}
			}
		},
		{
			"name": "right",
			"from": [-5.8, 13.94772, 10.58502],
			"to": [-5.2, 19.85858, 11.0072],
			"rotation": {"angle": 0, "axis": "x", "origin": [-4.65, 24.03627, -8.93951]},
			"faces": {
				"north": {"uv": [8.5, 15.5, 8.5, 16.75], "texture": "#2"},
				"east": {"uv": [8.5, 15.5, 8.5, 16.75], "texture": "#2"},
				"south": {"uv": [8.5, 15.5, 8.5, 16.75], "texture": "#2"},
				"west": {"uv": [8.5, 15.5, 8.5, 16.75], "texture": "#2"},
				"up": {"uv": [8.5, 15.5, 8.5, 15.5], "texture": "#2"},
				"down": {"uv": [8.5, 15.5, 8.5, 15.5], "texture": "#2"}
			}
		},
		{
			"name": "right",
			"from": [-6, 10.75563, -7.17592],
			"to": [-3.3, 24.17782, -5.46724],
			"rotation": {"angle": 45, "axis": "x", "origin": [-4.65, 22.39601, -6.53371]},
			"faces": {
				"north": {"uv": [7.25, 15, 7.75, 18.25], "texture": "#2"},
				"east": {"uv": [7, 15, 7.25, 18.25], "texture": "#2"},
				"south": {"uv": [8, 15, 8.5, 18.25], "texture": "#2"},
				"west": {"uv": [7.75, 15, 8, 18.25], "texture": "#2"},
				"up": {"uv": [7.75, 15, 7.25, 14.75], "texture": "#2"},
				"down": {"uv": [8.25, 14.75, 7.75, 15], "texture": "#2"}
			}
		},
		{
			"name": "right",
			"from": [-6, 20.25304, 13.93119],
			"to": [8, 23.67523, 15.63987],
			"rotation": {"angle": -45, "axis": "x", "origin": [-4.65, 15.75919, 11.60459]},
			"faces": {
				"north": {"uv": [4.5, 15, 8, 15.75], "texture": "#2"},
				"east": {"uv": [4.25, 15, 4.5, 15.75], "texture": "#2"},
				"south": {"uv": [8.25, 15, 11.75, 15.75], "texture": "#2"},
				"west": {"uv": [8, 15, 8.25, 15.75], "texture": "#2"},
				"up": {"uv": [8, 15, 4.5, 14.75], "texture": "#2"},
				"down": {"uv": [11.5, 14.75, 8, 15], "texture": "#2"}
			}
		},
		{
			"name": "right",
			"from": [-6, 23.18193, 5.3494],
			"to": [8, 24.89061, 8.77158],
			"rotation": {"angle": 22.5, "axis": "x", "origin": [-4.65, 24.03627, 7.06049]},
			"faces": {
				"north": {"uv": [5, 15.5, 8.5, 15.75], "texture": "#2"},
				"east": {"uv": [4.25, 15.5, 5, 15.75], "texture": "#2"},
				"south": {"uv": [9.25, 15.5, 12.75, 15.75], "texture": "#2"},
				"west": {"uv": [8.5, 15.5, 9.25, 15.75], "texture": "#2"},
				"up": {"uv": [8.5, 15.5, 5, 14.75], "texture": "#2"},
				"down": {"uv": [12, 14.75, 8.5, 15.5], "texture": "#2"}
			}
		},
		{
			"name": "right",
			"from": [-6, 23.74755, -2.61996],
			"to": [8, 25.45623, 5.80222],
			"rotation": {"angle": 0, "axis": "x", "origin": [-4.65, 15.75919, 11.60459]},
			"faces": {
				"north": {"uv": [10.5, 26, 14, 26.25], "texture": "#2"},
				"east": {"uv": [8.5, 26, 10.5, 26.25], "texture": "#2"},
				"south": {"uv": [16, 26, 19.5, 26.25], "texture": "#2"},
				"west": {"uv": [14, 26, 16, 26.25], "texture": "#2"},
				"up": {"uv": [14, 26, 10.5, 24], "texture": "#2"},
				"down": {"uv": [17.5, 24, 14, 26], "texture": "#2"}
			}
		},
		{
			"name": "right",
			"from": [-6.7, 5.33441, 25.47071],
			"to": [-1, 7.74309, 32],
			"rotation": {"angle": 45, "axis": "x", "origin": [-8.85, 9.73788, 33.38949]},
			"faces": {
				"north": {"uv": [7.75, 16.25, 9, 16.75], "texture": "#2"},
				"east": {"uv": [6.25, 16.25, 7.75, 16.75], "texture": "#2"},
				"south": {"uv": [10.5, 16.25, 11.75, 16.75], "texture": "#2"},
				"west": {"uv": [9, 16.25, 10.5, 16.75], "texture": "#2"},
				"up": {"uv": [9, 16.25, 7.75, 14.75], "texture": "#2"},
				"down": {"uv": [10.25, 14.75, 9, 16.25], "texture": "#2"}
			}
		},
		{
			"name": "right",
			"from": [-6.7, 9.79948, 25.78146],
			"to": [-2, 13.20816, 29.31075],
			"rotation": {"angle": 0, "axis": "x", "origin": [-8.85, 9.73788, 33.38949]},
			"faces": {
				"north": {"uv": [1.25, 2.53906, 1.40625, 2.65625], "texture": "#4"},
				"east": {"uv": [1.13281, 2.53906, 1.25, 2.65625], "texture": "#5"},
				"south": {"uv": [1.52344, 2.53906, 1.67969, 2.65625], "texture": "#5"},
				"west": {"uv": [1.40625, 2.53906, 1.52344, 2.65625], "texture": "#4"},
				"up": {"uv": [1.40625, 2.53906, 1.25, 2.42188], "texture": "#5"},
				"down": {"uv": [1.5625, 2.42188, 1.40625, 2.53906], "texture": "#4"}
			}
		},
		{
			"name": "right",
			"from": [-6, 10.99948, 14.38146],
			"to": [0.7, 14.40816, 25.91075],
			"rotation": {"angle": 0, "axis": "y", "origin": [-8.85, 9.73788, 33.38949]},
			"faces": {
				"north": {"uv": [9, 16.25, 7.5, 13.5], "texture": "#0"},
				"east": {"uv": [9, 16.25, 7.5, 13.5], "texture": "#0"},
				"south": {"uv": [9, 16.25, 7.5, 13.5], "texture": "#0"},
				"west": {"uv": [9, 16.25, 7.5, 13.5], "texture": "#0"},
				"up": {"uv": [9, 16.25, 7.5, 13.5], "texture": "#0"},
				"down": {"uv": [9, 16.25, 7.5, 13.5], "texture": "#0"}
			}
		},
		{
			"name": "right",
			"from": [0.5, 11.19948, 14.38146],
			"to": [4.7, 14.60816, 25.91075],
			"rotation": {"angle": 0, "axis": "y", "origin": [-8.85, 9.73788, 33.38949]},
			"faces": {
				"north": {"uv": [9.25, 16.25, 8.25, 13.5], "texture": "#0"},
				"east": {"uv": [9.25, 16.25, 8.25, 13.5], "texture": "#0"},
				"south": {"uv": [9.25, 16.25, 8.25, 13.5], "texture": "#0"},
				"west": {"uv": [9.25, 16.25, 8.25, 13.5], "texture": "#0"},
				"up": {"uv": [9.25, 16.25, 8.25, 13.5], "texture": "#0"},
				"down": {"uv": [9.25, 16.25, 8.25, 13.5], "texture": "#0"}
			}
		},
		{
			"name": "right",
			"from": [4.7, 11.39948, 19.38146],
			"to": [8, 14.80816, 25.91075],
			"rotation": {"angle": 0, "axis": "y", "origin": [-8.85, 9.73788, 33.38949]},
			"faces": {
				"north": {"uv": [9, 16.25, 8.25, 14.75], "texture": "#0"},
				"east": {"uv": [9, 16.25, 8.25, 14.75], "texture": "#0"},
				"south": {"uv": [9, 16.25, 8.25, 14.75], "texture": "#0"},
				"west": {"uv": [9, 16.25, 8.25, 14.75], "texture": "#0"},
				"up": {"uv": [9, 16.25, 8.25, 14.75], "texture": "#0"},
				"down": {"uv": [9, 16.25, 8.25, 14.75], "texture": "#0"}
			}
		},
		{
			"name": "right",
			"from": [4.7, 11.39948, 14.38146],
			"to": [8, 15.80816, 19.51075],
			"rotation": {"angle": 0, "axis": "y", "origin": [-8.85, 9.73788, 33.38949]},
			"faces": {
				"north": {"uv": [1.32813, 2.57813, 1.44531, 2.73438], "texture": "#4"},
				"east": {"uv": [1.13281, 2.57813, 1.32813, 2.73438], "texture": "#4"},
				"south": {"uv": [1.64063, 2.57813, 1.75781, 2.73438], "texture": "#4"},
				"west": {"uv": [1.44531, 2.57813, 1.64063, 2.73438], "texture": "#4"},
				"up": {"uv": [1.44531, 2.57813, 1.32813, 2.38281], "texture": "#4"},
				"down": {"uv": [1.5625, 2.38281, 1.44531, 2.57813], "texture": "#4"}
			}
		},
		{
			"name": "right",
			"from": [4.1, 11.39948, 13.38146],
			"to": [4.8, 15.80816, 20.61075],
			"rotation": {"angle": 0, "axis": "y", "origin": [-8.85, 9.73788, 33.38949]},
			"faces": {
				"north": {"uv": [9.25, 16.5, 9.25, 14.75], "texture": "#0"},
				"east": {"uv": [9.25, 16.5, 9.25, 14.75], "texture": "#0"},
				"south": {"uv": [9.25, 16.5, 9.25, 14.75], "texture": "#0"},
				"west": {"uv": [9.25, 16.5, 9.25, 14.75], "texture": "#0"},
				"up": {"uv": [9.25, 16.5, 9.25, 14.75], "texture": "#0"},
				"down": {"uv": [9.25, 16.5, 9.25, 14.75], "texture": "#0"}
			}
		},
		{
			"name": "right",
			"from": [4.54566, 15.75382, 13.38146],
			"to": [8.05434, 16.15382, 20.61075],
			"rotation": {"angle": 0, "axis": "z", "origin": [4.45, 17.60382, 17.49611]},
			"faces": {
				"north": {"uv": [10.25, 16.75, 9.5, 15], "texture": "#0"},
				"east": {"uv": [10.25, 16.75, 9.5, 15], "texture": "#0"},
				"south": {"uv": [10.25, 16.75, 9.5, 15], "texture": "#0"},
				"west": {"uv": [10.25, 16.75, 9.5, 15], "texture": "#0"},
				"up": {"uv": [10.25, 16.75, 9.5, 15], "texture": "#0"},
				"down": {"uv": [10.25, 16.75, 9.5, 15], "texture": "#0"}
			}
		},
		{
			"name": "right",
			"from": [-10.7, 9.79948, 25.78146],
			"to": [-6, 13.40816, 29.51075],
			"rotation": {"angle": 0, "axis": "x", "origin": [-8.85, 9.73788, 33.38949]},
			"faces": {
				"north": {"uv": [9, 16.25, 10, 17], "texture": "#5"},
				"east": {"uv": [8.25, 16.25, 9, 17], "texture": "#5"},
				"south": {"uv": [10.75, 16.25, 11.75, 17], "texture": "#5"},
				"west": {"uv": [10, 16.25, 10.75, 17], "texture": "#5"},
				"up": {"uv": [10, 16.25, 9, 15.5], "texture": "#5"},
				"down": {"uv": [11, 15.5, 10, 16.25], "texture": "#5"}
			}
		},
		{
			"name": "right",
			"from": [-1.7, 5.33441, 25.47071],
			"to": [8, 8.14309, 31.4],
			"rotation": {"angle": 45, "axis": "x", "origin": [-8.85, 9.73788, 33.38949]},
			"faces": {
				"north": {"uv": [9, 16.25, 6.75, 15], "texture": "#0"},
				"east": {"uv": [9, 16.25, 6.75, 15], "texture": "#0"},
				"south": {"uv": [9, 16.25, 6.75, 15], "texture": "#0"},
				"west": {"uv": [9, 16.25, 6.75, 15], "texture": "#0"},
				"up": {"uv": [9, 16.25, 6.75, 15], "texture": "#0"},
				"down": {"uv": [9, 16.25, 6.75, 15], "texture": "#0"}
			}
		},
		{
			"name": "right",
			"from": [-11.7, 10.98639, 19.97525],
			"to": [-6, 13.88639, 26.47525],
			"faces": {
				"north": {"uv": [7.5, 16, 8.75, 16.5], "texture": "#2"},
				"east": {"uv": [6, 16, 7.5, 16.5], "texture": "#2"},
				"south": {"uv": [10.25, 16, 11.5, 16.5], "texture": "#2"},
				"west": {"uv": [8.75, 16, 10.25, 16.5], "texture": "#2"},
				"up": {"uv": [8.75, 16, 7.5, 14.5], "texture": "#2"},
				"down": {"uv": [10, 14.5, 8.75, 16], "texture": "#2"}
			}
		},
		{
			"name": "right",
			"from": [-11, 4.969, 0.62],
			"to": [-6, 9.269, 15.52],
			"faces": {
				"north": {"uv": [7.5, 16, 8.75, 17], "texture": "#2"},
				"east": {"uv": [4, 16, 7.5, 17], "texture": "#2"},
				"south": {"uv": [12.25, 16, 13.5, 17], "texture": "#2"},
				"west": {"uv": [8.75, 16, 12.25, 17], "texture": "#2"},
				"up": {"uv": [8.75, 16, 7.5, 12.5], "texture": "#2"},
				"down": {"uv": [10, 12.5, 8.75, 16], "texture": "#2"}
			}
		},
		{
			"name": "right",
			"from": [-11, 9.069, -3.48],
			"to": [-6, 13.269, 19.42],
			"faces": {
				"north": {"uv": [8.75, 16, 14.25, 17], "texture": "#0"},
				"east": {"uv": [8.75, 16, 14.25, 17], "texture": "#0"},
				"south": {"uv": [8.75, 16, 14.25, 17], "texture": "#0"},
				"west": {"uv": [8.75, 16, 14.25, 17], "texture": "#0"},
				"up": {"uv": [8.75, 16, 14.25, 17], "texture": "#0"},
				"down": {"uv": [8.75, 16, 14.25, 17], "texture": "#0"}
			}
		},
		{
			"name": "right",
			"from": [-10.7, 11.069, -4.48],
			"to": [-6.1, 14.269, 20.42],
			"faces": {
				"north": {"uv": [8.75, 16, 7.75, 10], "texture": "#2"},
				"east": {"uv": [8.75, 16, 7.75, 10], "texture": "#2"},
				"south": {"uv": [8.75, 16, 7.75, 10], "texture": "#2"},
				"west": {"uv": [8.75, 16, 7.75, 10], "texture": "#2"},
				"up": {"uv": [8.75, 16, 7.75, 10], "texture": "#2"},
				"down": {"uv": [8.75, 16, 7.75, 10], "texture": "#2"}
			}
		},
		{
			"name": "right",
			"from": [-6, 11.045, -15.28],
			"to": [8, 14.645, -11.58],
			"faces": {
				"north": {"uv": [7.75, 16.25, 11.25, 17], "texture": "#2"},
				"east": {"uv": [7, 16.25, 7.75, 17], "texture": "#2"},
				"south": {"uv": [12, 16.25, 15.5, 17], "texture": "#2"},
				"west": {"uv": [11.25, 16.25, 12, 17], "texture": "#2"},
				"up": {"uv": [11.25, 16.25, 7.75, 15.5], "texture": "#2"},
				"down": {"uv": [14.75, 15.5, 11.25, 16.25], "texture": "#2"}
			}
		},
		{
			"name": "right",
			"from": [-11.5, 2.20736, -7.95843],
			"to": [-6, 6.30736, 1.74157],
			"rotation": {"angle": 45, "axis": "x", "origin": [-8.5, 5.069, 4.07]},
			"faces": {
				"north": {"uv": [7.75, 16.25, 9, 17.25], "texture": "#2"},
				"east": {"uv": [5.5, 16.25, 7.75, 17.25], "texture": "#2"},
				"south": {"uv": [11.25, 16.25, 12.5, 17.25], "texture": "#2"},
				"west": {"uv": [9, 16.25, 11.25, 17.25], "texture": "#2"},
				"up": {"uv": [9, 16.25, 7.75, 14], "texture": "#2"},
				"down": {"uv": [10.25, 14, 9, 16.25], "texture": "#2"}
			}
		},
		{
			"name": "right",
			"from": [-11.5, 9.845, -13.98],
			"to": [-4, 14.445, -3.58],
			"faces": {
				"north": {"uv": [9.75, 8.5, 12.25, 9.5], "texture": "#2"},
				"east": {"uv": [9.75, 8.5, 12.25, 9.5], "texture": "#2"},
				"south": {"uv": [9.75, 8.5, 12.25, 9.5], "texture": "#2"},
				"west": {"uv": [9.75, 8.5, 12.25, 9.5], "texture": "#2"},
				"up": {"uv": [9.75, 8.5, 12.25, 9.5], "texture": "#2"},
				"down": {"uv": [9.75, 8.5, 12.25, 9.5], "texture": "#2"}
			}
		},
		{
			"name": "right",
			"from": [-4, 16.3789, -14.97253],
			"to": [8, 21.80108, -11.26385],
			"rotation": {"angle": -22.5, "axis": "x", "origin": [-4.65, 15.75919, 11.60459]},
			"faces": {
				"north": {"uv": [5, 15, 8, 16.25], "texture": "#0"},
				"east": {"uv": [4.25, 15, 5, 16.25], "texture": "#0"},
				"south": {"uv": [8.75, 15, 11.75, 16.25], "texture": "#0"},
				"west": {"uv": [8, 15, 8.75, 16.25], "texture": "#0"},
				"up": {"uv": [8, 15, 5, 14.25], "texture": "#0"},
				"down": {"uv": [11, 14.25, 8, 15], "texture": "#0"}
			}
		},
		{
			"name": "right",
			"from": [-1, 13.22457, -15.07612],
			"to": [8, 18.64676, -11.36744],
			"rotation": {"angle": -22.5, "axis": "x", "origin": [-4.65, 15.75919, 11.60459]},
			"faces": {
				"north": {"uv": [5.25, 15, 7.5, 16.25], "texture": "#2"},
				"east": {"uv": [4.5, 15, 5.25, 16.25], "texture": "#2"},
				"south": {"uv": [8.25, 15, 10.5, 16.25], "texture": "#2"},
				"west": {"uv": [7.5, 15, 8.25, 16.25], "texture": "#2"},
				"up": {"uv": [7.5, 15, 5.25, 14.25], "texture": "#2"},
				"down": {"uv": [9.75, 14.25, 7.5, 15], "texture": "#2"}
			}
		},
		{
			"name": "front",
			"from": [-5.55, 13.0536, -4.28055],
			"to": [-5.25, 24.1536, 8.71945],
			"rotation": {"angle": 0, "axis": "z", "origin": [7.9, 17.6036, 6.51945]},
			"faces": {
				"north": {"uv": [5, 11, 5, 13.75], "texture": "#1"},
				"east": {"uv": [1.75, 11, 5, 13.75], "texture": "#1"},
				"south": {"uv": [8.25, 11, 8.25, 13.75], "texture": "#1"},
				"west": {"uv": [5, 11, 8.25, 13.75], "texture": "#1"},
				"up": {"uv": [5, 11, 5, 7.75], "texture": "#1"},
				"down": {"uv": [5, 7.75, 5, 11], "texture": "#1"}
			}
		},
		{
			"name": "front",
			"from": [-5.55, 13.0536, -9.28055],
			"to": [-5.25, 20.1536, -4.28055],
			"rotation": {"angle": 0, "axis": "y", "origin": [7.9, 17.6036, 6.51945]},
			"faces": {
				"north": {"uv": [5, 11, 5, 12.75], "texture": "#1"},
				"east": {"uv": [3.75, 11, 5, 12.75], "texture": "#1"},
				"south": {"uv": [6.25, 11, 6.25, 12.75], "texture": "#1"},
				"west": {"uv": [5, 11, 6.25, 12.75], "texture": "#1"},
				"up": {"uv": [5, 11, 5, 9.75], "texture": "#1"},
				"down": {"uv": [5, 9.75, 5, 11], "texture": "#1"}
			}
		},
		{
			"name": "front",
			"from": [-5.55, 13.0536, -11.28055],
			"to": [-5.25, 18.1536, -9.28055],
			"rotation": {"angle": 0, "axis": "y", "origin": [7.9, 17.6036, 6.51945]},
			"faces": {
				"north": {"uv": [5, 11, 5, 12.25], "texture": "#1"},
				"east": {"uv": [4.5, 11, 5, 12.25], "texture": "#1"},
				"south": {"uv": [5.5, 11, 5.5, 12.25], "texture": "#1"},
				"west": {"uv": [5, 11, 5.5, 12.25], "texture": "#1"},
				"up": {"uv": [5, 11, 5, 10.5], "texture": "#1"},
				"down": {"uv": [5, 10.5, 5, 11], "texture": "#1"}
			}
		},
		{
			"name": "front",
			"from": [-5.55, 20.0536, -7.28055],
			"to": [-5.25, 22.1536, -3.28055],
			"rotation": {"angle": 0, "axis": "y", "origin": [7.9, 17.6036, 6.51945]},
			"faces": {
				"north": {"uv": [5, 11, 5, 11.5], "texture": "#1"},
				"east": {"uv": [4, 11, 5, 11.5], "texture": "#1"},
				"south": {"uv": [6, 11, 6, 11.5], "texture": "#1"},
				"west": {"uv": [5, 11, 6, 11.5], "texture": "#1"},
				"up": {"uv": [5, 11, 5, 10], "texture": "#1"},
				"down": {"uv": [5, 10, 5, 11], "texture": "#1"}
			}
		},
		{
			"name": "front",
			"from": [-5.55, 22.0536, -6.28055],
			"to": [-5.25, 23.1536, -4.28055],
			"rotation": {"angle": 0, "axis": "y", "origin": [7.9, 17.6036, 6.51945]},
			"faces": {
				"north": {"uv": [5, 11, 5, 11.25], "texture": "#1"},
				"east": {"uv": [4.5, 11, 5, 11.25], "texture": "#1"},
				"south": {"uv": [5.5, 11, 5.5, 11.25], "texture": "#1"},
				"west": {"uv": [5, 11, 5.5, 11.25], "texture": "#1"},
				"up": {"uv": [5, 11, 5, 10.5], "texture": "#1"},
				"down": {"uv": [5, 10.5, 5, 11], "texture": "#1"}
			}
		},
		{
			"name": "front",
			"from": [-5.55, 13.0536, -13.28055],
			"to": [-5.25, 16.1536, -11.28055],
			"rotation": {"angle": 0, "axis": "y", "origin": [7.9, 17.6036, 6.51945]},
			"faces": {
				"north": {"uv": [5, 11, 5, 11.75], "texture": "#1"},
				"east": {"uv": [4.5, 11, 5, 11.75], "texture": "#1"},
				"south": {"uv": [5.5, 11, 5.5, 11.75], "texture": "#1"},
				"west": {"uv": [5, 11, 5.5, 11.75], "texture": "#1"},
				"up": {"uv": [5, 11, 5, 10.5], "texture": "#1"},
				"down": {"uv": [5, 10.5, 5, 11], "texture": "#1"}
			}
		},
		{
			"name": "front",
			"from": [-5.55, 13.0536, 8.71945],
			"to": [-5.25, 18.1536, 12.71945],
			"rotation": {"angle": 0, "axis": "y", "origin": [7.9, 17.6036, 6.51945]},
			"faces": {
				"north": {"uv": [5, 11, 5, 12.25], "texture": "#1"},
				"east": {"uv": [4, 11, 5, 12.25], "texture": "#1"},
				"south": {"uv": [6, 11, 6, 12.25], "texture": "#1"},
				"west": {"uv": [5, 11, 6, 12.25], "texture": "#1"},
				"up": {"uv": [5, 11, 5, 10], "texture": "#1"},
				"down": {"uv": [5, 10, 5, 11], "texture": "#1"}
			}
		},
		{
			"name": "front",
			"from": [-5.55, 18.0536, 8.71945],
			"to": [-5.25, 21.9536, 11.01945],
			"rotation": {"angle": 0, "axis": "z", "origin": [7.9, 17.6036, 6.51945]},
			"faces": {
				"north": {"uv": [5, 11, 5, 11.75], "texture": "#1"},
				"east": {"uv": [4.5, 11, 5, 11.75], "texture": "#1"},
				"south": {"uv": [5.5, 11, 5.5, 11.75], "texture": "#1"},
				"west": {"uv": [5, 11, 5.5, 11.75], "texture": "#1"},
				"up": {"uv": [5, 11, 5, 10.5], "texture": "#1"},
				"down": {"uv": [5, 10.5, 5, 11], "texture": "#1"}
			}
		},
		{
			"name": "front",
			"from": [1, 3, 26],
			"to": [15, 10, 30],
			"rotation": {"angle": 0, "axis": "y", "origin": [6, 3, 12]},
			"faces": {
				"north": {"uv": [0.5, 5.25, 4, 7], "texture": "#9"},
				"east": {"uv": [-0.5, 5.25, 0.5, 7], "texture": "#9"},
				"south": {"uv": [5, 5.25, 8.5, 7], "texture": "#9"},
				"west": {"uv": [4, 5.25, 5, 7], "texture": "#9"},
				"up": {"uv": [4, 5.25, 0.5, 4.25], "texture": "#9"},
				"down": {"uv": [7.5, 4.25, 4, 5.25], "texture": "#9"}
			}
		},
		{
			"name": "front",
			"from": [-1, 2, 26],
			"to": [1, 10, 31],
			"rotation": {"angle": 0, "axis": "y", "origin": [4, 2, 12]},
			"faces": {
				"north": {"uv": [3.5, 5.25, 4, 7.25], "texture": "#2"},
				"east": {"uv": [2.25, 5.25, 3.5, 7.25], "texture": "#2"},
				"south": {"uv": [5.25, 5.25, 5.75, 7.25], "texture": "#2"},
				"west": {"uv": [4, 5.25, 5.25, 7.25], "texture": "#2"},
				"up": {"uv": [4, 5.25, 3.5, 4], "texture": "#2"},
				"down": {"uv": [4.5, 4, 4, 5.25], "texture": "#2"}
			}
		},
		{
			"name": "front",
			"from": [-6, 4, 24],
			"to": [8, 14, 28],
			"rotation": {"angle": -22.5, "axis": "x", "origin": [2, 9, 26]},
			"faces": {
				"north": {"uv": [6.25, 5.25, 9.75, 7.75], "texture": "#0"},
				"east": {"uv": [6.25, 5.25, 9.75, 7.75], "texture": "#0"},
				"south": {"uv": [6.25, 5.25, 9.75, 7.75], "texture": "#0"},
				"west": {"uv": [6.25, 5.25, 9.75, 7.75], "texture": "#0"},
				"up": {"uv": [6.25, 5.25, 9.75, 7.75], "texture": "#0"},
				"down": {"uv": [6.25, 5.25, 9.75, 7.75], "texture": "#0"}
			}
		},
		{
			"name": "front",
			"from": [0, 10, 26],
			"to": [8, 11, 31],
			"rotation": {"angle": 0, "axis": "z", "origin": [4, 11, 28.5]},
			"faces": {
				"north": {"uv": [3.5, 5.25, 5.5, 5.5], "texture": "#2"},
				"east": {"uv": [2.25, 5.25, 3.5, 5.5], "texture": "#2"},
				"south": {"uv": [6.75, 5.25, 8.75, 5.5], "texture": "#2"},
				"west": {"uv": [5.5, 5.25, 6.75, 5.5], "texture": "#2"},
				"up": {"uv": [5.5, 5.25, 3.5, 4], "texture": "#2"},
				"down": {"uv": [7.5, 4, 5.5, 5.25], "texture": "#2"}
			}
		},
		{
			"name": "front",
			"from": [-3.6, 13, -11.6],
			"to": [19.4, 26.1, -11.3],
			"rotation": {"angle": 45, "axis": "x", "origin": [7.4, 17.5, -11.6]},
			"faces": {
				"north": {"uv": [5.75, 0, 0, 3.25], "texture": "#1"},
				"east": {"uv": [5.75, 0, 5.75, 3.25], "texture": "#1"},
				"south": {"uv": [11.5, 0, 5.75, 3.25], "texture": "#1"},
				"west": {"uv": [0, 0, 0, 3.25], "texture": "#1"},
				"up": {"uv": [0, 0, 5.75, 0], "texture": "#1"},
				"down": {"uv": [5.75, 0, 11.5, 0], "texture": "#1"}
			}
		},
		{
			"name": "front",
			"from": [-3.6, 13, 12.4],
			"to": [19.4, 22.1, 12.7],
			"rotation": {"angle": -22.5, "axis": "x", "origin": [7.4, 17.5, 12.4]},
			"faces": {
				"north": {"uv": [20.5, 0, 26.25, 2.25], "texture": "#1"},
				"east": {"uv": [20.5, 0, 20.5, 2.25], "texture": "#1"},
				"south": {"uv": [26.25, 0, 32, 2.25], "texture": "#1"},
				"west": {"uv": [26.25, 0, 26.25, 2.25], "texture": "#1"},
				"up": {"uv": [26.25, 0, 20.5, 0], "texture": "#1"},
				"down": {"uv": [32, 0, 26.25, 0], "texture": "#1"}
			}
		},
		{
			"name": "bottom",
			"from": [-3, 3.9, -10.2],
			"to": [19, 5.9, 26.1],
			"faces": {
				"north": {"uv": [5.5, 7, 11, 7.5], "texture": "#2"},
				"east": {"uv": [-3.5, 7, 5.5, 7.5], "texture": "#2"},
				"south": {"uv": [20, 7, 25.5, 7.5], "texture": "#2"},
				"west": {"uv": [11, 7, 20, 7.5], "texture": "#2"},
				"up": {"uv": [11, 7, 5.5, -2], "texture": "#2"},
				"down": {"uv": [16.5, -2, 11, 7], "texture": "#2"}
			}
		},
		{
			"name": "back",
			"from": [-3, 5, -12],
			"to": [19, 11, -10],
			"faces": {
				"north": {"uv": [-1, 7.25, 4.5, 8.75], "texture": "#0"},
				"east": {"uv": [-1.5, 7.25, -1, 8.75], "texture": "#0"},
				"south": {"uv": [5, 7.25, 10.5, 8.75], "texture": "#0"},
				"west": {"uv": [4.5, 7.25, 5, 8.75], "texture": "#0"},
				"up": {"uv": [4.5, 7.25, -1, 6.75], "texture": "#0"},
				"down": {"uv": [10, 6.75, 4.5, 7.25], "texture": "#0"}
			}
		},
		{
			"name": "left",
			"from": [22, 2.20736, -7.95843],
			"to": [27.5, 6.30736, 1.74157],
			"rotation": {"angle": 45, "axis": "x", "origin": [24.5, 5.069, 4.07]},
			"faces": {
				"north": {"uv": [9, 16.25, 7.75, 17.25], "texture": "#2"},
				"east": {"uv": [11.25, 16.25, 9, 17.25], "texture": "#2"},
				"south": {"uv": [12.5, 16.25, 11.25, 17.25], "texture": "#2"},
				"west": {"uv": [7.75, 16.25, 5.5, 17.25], "texture": "#2"},
				"up": {"uv": [7.75, 16.25, 9, 14], "texture": "#2"},
				"down": {"uv": [9, 14, 10.25, 16.25], "texture": "#2"}
			}
		},
		{
			"name": "left",
			"from": [22, -7.524, 14.35711],
			"to": [27.7, -4.324, 23.95711],
			"rotation": {"angle": -45, "axis": "x", "origin": [16, 0, 0]},
			"faces": {
				"north": {"uv": [9, 16.25, 7.75, 17], "texture": "#2"},
				"east": {"uv": [11.25, 16.25, 9, 17], "texture": "#2"},
				"south": {"uv": [12.5, 16.25, 11.25, 17], "texture": "#2"},
				"west": {"uv": [7.75, 16.25, 5.5, 17], "texture": "#2"},
				"up": {"uv": [7.75, 16.25, 9, 14], "texture": "#2"},
				"down": {"uv": [9, 14, 10.25, 16.25], "texture": "#2"}
			}
		},
		{
			"name": "left",
			"from": [22, 10.98639, 19.97525],
			"to": [27.7, 13.88639, 26.47525],
			"rotation": {"angle": 0, "axis": "x", "origin": [16, 0, 0]},
			"faces": {
				"north": {"uv": [8.75, 16, 7.5, 16.5], "texture": "#2"},
				"east": {"uv": [10.25, 16, 8.75, 16.5], "texture": "#2"},
				"south": {"uv": [11.5, 16, 10.25, 16.5], "texture": "#2"},
				"west": {"uv": [7.5, 16, 6, 16.5], "texture": "#2"},
				"up": {"uv": [7.5, 16, 8.75, 14.5], "texture": "#2"},
				"down": {"uv": [8.75, 14.5, 10, 16], "texture": "#2"}
			}
		},
		{
			"name": "left",
			"from": [20, 9.845, -13.98],
			"to": [27.5, 14.445, -3.58],
			"rotation": {"angle": 0, "axis": "y", "origin": [16, 0, 0]},
			"faces": {
				"north": {"uv": [7.5, 16, 9.25, 13.5], "texture": "#2"},
				"east": {"uv": [7.5, 16, 9.25, 13.5], "texture": "#2"},
				"south": {"uv": [7.5, 16, 9.25, 13.5], "texture": "#2"},
				"west": {"uv": [7.5, 16, 9.25, 13.5], "texture": "#2"},
				"up": {"uv": [7.5, 16, 9.25, 13.5], "texture": "#2"},
				"down": {"uv": [7.5, 16, 9.25, 13.5], "texture": "#2"}
			}
		},
		{
			"name": "left",
			"from": [8, 11.045, -15.28],
			"to": [22, 14.645, -11.58],
			"rotation": {"angle": 0, "axis": "y", "origin": [16, 0, 0]},
			"faces": {
				"north": {"uv": [11.25, 16.25, 7.75, 17], "texture": "#2"},
				"east": {"uv": [12, 16.25, 11.25, 17], "texture": "#2"},
				"south": {"uv": [15.5, 16.25, 12, 17], "texture": "#2"},
				"west": {"uv": [7.75, 16.25, 7, 17], "texture": "#2"},
				"up": {"uv": [7.75, 16.25, 11.25, 15.5], "texture": "#2"},
				"down": {"uv": [11.25, 15.5, 14.75, 16.25], "texture": "#2"}
			}
		},
		{
			"name": "left",
			"from": [22.1, 11.069, -4.48],
			"to": [26.7, 14.269, 20.42],
			"rotation": {"angle": 0, "axis": "y", "origin": [16, 0, 0]},
			"faces": {
				"north": {"uv": [8.75, 16, 7.75, 16.75], "texture": "#2"},
				"east": {"uv": [14.75, 16, 8.75, 16.75], "texture": "#2"},
				"south": {"uv": [15.75, 16, 14.75, 16.75], "texture": "#2"},
				"west": {"uv": [7.75, 16, 1.75, 16.75], "texture": "#2"},
				"up": {"uv": [7.75, 16, 8.75, 10], "texture": "#2"},
				"down": {"uv": [8.75, 10, 9.75, 16], "texture": "#2"}
			}
		},
		{
			"name": "left",
			"from": [22, 4.969, 0.62],
			"to": [27, 9.269, 15.52],
			"rotation": {"angle": 0, "axis": "y", "origin": [16, 0, 0]},
			"faces": {
				"north": {"uv": [8.75, 16, 7.5, 17], "texture": "#2"},
				"east": {"uv": [12.25, 16, 8.75, 17], "texture": "#2"},
				"south": {"uv": [13.5, 16, 12.25, 17], "texture": "#2"},
				"west": {"uv": [7.5, 16, 4, 17], "texture": "#2"},
				"up": {"uv": [7.5, 16, 8.75, 12.5], "texture": "#2"},
				"down": {"uv": [8.75, 12.5, 10, 16], "texture": "#2"}
			}
		},
		{
			"name": "left",
			"from": [8, 5.33441, 25.47071],
			"to": [17.7, 8.14309, 31.4],
			"rotation": {"angle": 45, "axis": "x", "origin": [24.85, 9.73788, 33.38949]},
			"faces": {
				"north": {"uv": [6.75, 16.25, 9, 15], "texture": "#0"},
				"east": {"uv": [6.75, 16.25, 9, 15], "texture": "#0"},
				"south": {"uv": [6.75, 16.25, 9, 15], "texture": "#0"},
				"west": {"uv": [6.75, 16.25, 9, 15], "texture": "#0"},
				"up": {"uv": [6.75, 16.25, 9, 15], "texture": "#0"},
				"down": {"uv": [6.75, 16.25, 9, 15], "texture": "#0"}
			}
		},
		{
			"name": "left",
			"from": [8, 23.74755, -2.61996],
			"to": [22, 25.45623, 5.80222],
			"rotation": {"angle": 0, "axis": "x", "origin": [20.65, 15.75919, 11.60459]},
			"faces": {
				"north": {"uv": [14, 26, 10.5, 26.25], "texture": "#2"},
				"east": {"uv": [16, 26, 14, 26.25], "texture": "#2"},
				"south": {"uv": [19.5, 26, 16, 26.25], "texture": "#2"},
				"west": {"uv": [10.5, 26, 8.5, 26.25], "texture": "#2"},
				"up": {"uv": [10.5, 26, 14, 24], "texture": "#2"},
				"down": {"uv": [14, 24, 17.5, 26], "texture": "#2"}
			}
		},
		{
			"name": "left",
			"from": [22, 9.79948, 25.78146],
			"to": [26.7, 13.40816, 29.51075],
			"rotation": {"angle": 0, "axis": "x", "origin": [24.85, 9.73788, 33.38949]},
			"faces": {
				"north": {"uv": [10, 16.25, 9, 17], "texture": "#5"},
				"east": {"uv": [10.75, 16.25, 10, 17], "texture": "#5"},
				"south": {"uv": [11.75, 16.25, 10.75, 17], "texture": "#5"},
				"west": {"uv": [9, 16.25, 8.25, 17], "texture": "#5"},
				"up": {"uv": [9, 16.25, 10, 15.5], "texture": "#5"},
				"down": {"uv": [10, 15.5, 11, 16.25], "texture": "#5"}
			}
		},
		{
			"name": "left",
			"from": [17, 5.33441, 25.47071],
			"to": [22.7, 7.74309, 32],
			"rotation": {"angle": 45, "axis": "x", "origin": [24.85, 9.73788, 33.38949]},
			"faces": {
				"north": {"uv": [9, 16.25, 7.75, 16.75], "texture": "#2"},
				"east": {"uv": [10.5, 16.25, 9, 16.75], "texture": "#2"},
				"south": {"uv": [11.75, 16.25, 10.5, 16.75], "texture": "#2"},
				"west": {"uv": [7.75, 16.25, 6.25, 16.75], "texture": "#2"},
				"up": {"uv": [7.75, 16.25, 9, 14.75], "texture": "#2"},
				"down": {"uv": [9, 14.75, 10.25, 16.25], "texture": "#2"}
			}
		},
		{
			"name": "left",
			"from": [7.94566, 15.75382, 13.38146],
			"to": [11.45434, 16.15382, 20.61075],
			"rotation": {"angle": 0, "axis": "z", "origin": [11.55, 17.60382, 17.49611]},
			"faces": {
				"north": {"uv": [9.25, 16.5, 10, 14.75], "texture": "#0"},
				"east": {"uv": [9.25, 16.5, 10, 14.75], "texture": "#0"},
				"south": {"uv": [9.25, 16.5, 10, 14.75], "texture": "#0"},
				"west": {"uv": [9.25, 16.5, 10, 14.75], "texture": "#0"},
				"up": {"uv": [9.25, 16.5, 10, 14.75], "texture": "#0"},
				"down": {"uv": [9.25, 16.5, 10, 14.75], "texture": "#0"}
			}
		},
		{
			"name": "left",
			"from": [18, 9.79948, 25.78146],
			"to": [22.7, 13.20816, 29.31075],
			"rotation": {"angle": 0, "axis": "x", "origin": [24.85, 9.73788, 33.38949]},
			"faces": {
				"north": {"uv": [1.40625, 2.53906, 1.25, 2.65625], "texture": "#4"},
				"east": {"uv": [1.52344, 2.53906, 1.40625, 2.65625], "texture": "#4"},
				"south": {"uv": [1.67969, 2.53906, 1.52344, 2.65625], "texture": "#5"},
				"west": {"uv": [1.25, 2.53906, 1.13281, 2.65625], "texture": "#5"},
				"up": {"uv": [1.25, 2.53906, 1.40625, 2.42188], "texture": "#5"},
				"down": {"uv": [1.40625, 2.42188, 1.5625, 2.53906], "texture": "#4"}
			}
		},
		{
			"name": "left",
			"from": [15.3, 10.99948, 14.38146],
			"to": [22, 14.40816, 25.91075],
			"rotation": {"angle": 0, "axis": "y", "origin": [24.85, 9.73788, 33.38949]},
			"faces": {
				"north": {"uv": [7.5, 16.25, 9, 13.5], "texture": "#0"},
				"east": {"uv": [7.5, 16.25, 9, 13.5], "texture": "#0"},
				"south": {"uv": [7.5, 16.25, 9, 13.5], "texture": "#0"},
				"west": {"uv": [7.5, 16.25, 9, 13.5], "texture": "#0"},
				"up": {"uv": [7.5, 16.25, 9, 13.5], "texture": "#0"},
				"down": {"uv": [7.5, 16.25, 9, 13.5], "texture": "#0"}
			}
		},
		{
			"name": "left",
			"from": [11.3, 11.19948, 14.38146],
			"to": [15.5, 14.60816, 25.91075],
			"rotation": {"angle": 0, "axis": "y", "origin": [24.85, 9.73788, 33.38949]},
			"faces": {
				"north": {"uv": [8.25, 16.25, 9.25, 13.5], "texture": "#0"},
				"east": {"uv": [8.25, 16.25, 9.25, 13.5], "texture": "#0"},
				"south": {"uv": [8.25, 16.25, 9.25, 13.5], "texture": "#0"},
				"west": {"uv": [8.25, 16.25, 9.25, 13.5], "texture": "#0"},
				"up": {"uv": [8.25, 16.25, 9.25, 13.5], "texture": "#0"},
				"down": {"uv": [8.25, 16.25, 9.25, 13.5], "texture": "#0"}
			}
		},
		{
			"name": "left",
			"from": [8, 11.39948, 19.38146],
			"to": [11.3, 14.80816, 25.91075],
			"rotation": {"angle": 0, "axis": "y", "origin": [24.85, 9.73788, 33.38949]},
			"faces": {
				"north": {"uv": [8.25, 16.25, 9, 14.75], "texture": "#0"},
				"east": {"uv": [8.25, 16.25, 9, 14.75], "texture": "#0"},
				"south": {"uv": [8.25, 16.25, 9, 14.75], "texture": "#0"},
				"west": {"uv": [8.25, 16.25, 9, 14.75], "texture": "#0"},
				"up": {"uv": [8.25, 16.25, 9, 14.75], "texture": "#0"},
				"down": {"uv": [8.25, 16.25, 9, 14.75], "texture": "#0"}
			}
		},
		{
			"name": "left",
			"from": [8, 11.39948, 14.38146],
			"to": [11.3, 15.80816, 19.51075],
			"rotation": {"angle": 0, "axis": "y", "origin": [24.85, 9.73788, 33.38949]},
			"faces": {
				"north": {"uv": [1.44531, 2.57813, 1.32813, 2.73438], "texture": "#4"},
				"east": {"uv": [1.64063, 2.57813, 1.44531, 2.73438], "texture": "#4"},
				"south": {"uv": [1.75781, 2.57813, 1.64063, 2.73438], "texture": "#4"},
				"west": {"uv": [1.32813, 2.57813, 1.13281, 2.73438], "texture": "#4"},
				"up": {"uv": [1.32813, 2.57813, 1.44531, 2.38281], "texture": "#4"},
				"down": {"uv": [1.44531, 2.38281, 1.5625, 2.57813], "texture": "#4"}
			}
		},
		{
			"name": "left",
			"from": [11.2, 11.39948, 13.38146],
			"to": [11.9, 15.80816, 20.61075],
			"rotation": {"angle": 0, "axis": "y", "origin": [24.85, 9.73788, 33.38949]},
			"faces": {
				"north": {"uv": [11.25, 16.75, 11.25, 17.75], "texture": "#0"},
				"east": {"uv": [11.25, 16.75, 11.25, 17.75], "texture": "#0"},
				"south": {"uv": [11.25, 16.75, 11.25, 17.75], "texture": "#0"},
				"west": {"uv": [11.25, 16.75, 11.25, 17.75], "texture": "#0"},
				"up": {"uv": [11.25, 16.75, 11.25, 17.75], "texture": "#0"},
				"down": {"uv": [11.25, 16.75, 11.25, 17.75], "texture": "#0"}
			}
		},
		{
			"name": "left",
			"from": [22, 9.069, -3.48],
			"to": [27, 13.269, 19.42],
			"rotation": {"angle": 0, "axis": "y", "origin": [16, 0, 0]},
			"faces": {
				"north": {"uv": [8.25, 15.5, 7, 16.5], "texture": "#0"},
				"east": {"uv": [13.75, 15.5, 8.25, 16.5], "texture": "#0"},
				"south": {"uv": [15, 15.5, 13.75, 16.5], "texture": "#0"},
				"west": {"uv": [7, 15.5, 1.5, 16.5], "texture": "#0"},
				"up": {"uv": [7, 15.5, 8.25, 10], "texture": "#0"},
				"down": {"uv": [8.25, 10, 9.5, 15.5], "texture": "#0"}
			}
		},
		{
			"name": "left",
			"from": [22, 5.7273, 25.57782],
			"to": [27.7, 7.43598, 32],
			"rotation": {"angle": 45, "axis": "x", "origin": [24.85, 9.73788, 33.38949]},
			"faces": {
				"north": {"uv": [9, 16.25, 7.75, 16.5], "texture": "#2"},
				"east": {"uv": [10.5, 16.25, 9, 16.5], "texture": "#2"},
				"south": {"uv": [11.75, 16.25, 10.5, 16.5], "texture": "#2"},
				"west": {"uv": [7.75, 16.25, 6.25, 16.5], "texture": "#2"},
				"up": {"uv": [7.75, 16.25, 9, 14.75], "texture": "#2"},
				"down": {"uv": [9, 14.75, 10.25, 16.25], "texture": "#2"}
			}
		},
		{
			"name": "left",
			"from": [19.3, 10.75563, -7.17592],
			"to": [22, 24.17782, -5.46724],
			"rotation": {"angle": 45, "axis": "x", "origin": [20.65, 22.39601, -6.53371]},
			"faces": {
				"north": {"uv": [7.75, 15, 7.25, 18.25], "texture": "#2"},
				"east": {"uv": [8, 15, 7.75, 18.25], "texture": "#2"},
				"south": {"uv": [8.5, 15, 8, 18.25], "texture": "#2"},
				"west": {"uv": [7.25, 15, 7, 18.25], "texture": "#2"},
				"up": {"uv": [7.25, 15, 7.75, 14.75], "texture": "#2"},
				"down": {"uv": [7.75, 14.75, 8.25, 15], "texture": "#2"}
			}
		},
		{
			"name": "left",
			"from": [21.2, 13.94772, 10.58502],
			"to": [21.8, 19.85858, 11.0072],
			"rotation": {"angle": 0, "axis": "x", "origin": [20.65, 24.03627, -8.93951]},
			"faces": {
				"north": {"uv": [8.5, 15.5, 8.5, 16.75], "texture": "#0"},
				"east": {"uv": [8.5, 15.5, 8.5, 16.75], "texture": "#0"},
				"south": {"uv": [8.5, 15.5, 8.5, 16.75], "texture": "#0"},
				"west": {"uv": [8.5, 15.5, 8.5, 16.75], "texture": "#0"},
				"up": {"uv": [8.5, 15.5, 8.5, 15.5], "texture": "#0"},
				"down": {"uv": [8.5, 15.5, 8.5, 15.5], "texture": "#0"}
			}
		},
		{
			"name": "left",
			"from": [8, 16.3789, -14.97253],
			"to": [20, 21.80108, -11.26385],
			"rotation": {"angle": -22.5, "axis": "x", "origin": [20.65, 15.75919, 11.60459]},
			"faces": {
				"north": {"uv": [8, 15, 5, 16.25], "texture": "#0"},
				"east": {"uv": [8.75, 15, 8, 16.25], "texture": "#0"},
				"south": {"uv": [11.75, 15, 8.75, 16.25], "texture": "#0"},
				"west": {"uv": [5, 15, 4.25, 16.25], "texture": "#0"},
				"up": {"uv": [5, 15, 8, 14.25], "texture": "#0"},
				"down": {"uv": [8, 14.25, 11, 15], "texture": "#0"}
			}
		},
		{
			"name": "left",
			"from": [8, 13.22457, -15.07612],
			"to": [17, 18.64676, -11.36744],
			"rotation": {"angle": -22.5, "axis": "x", "origin": [20.65, 15.75919, 11.60459]},
			"faces": {
				"north": {"uv": [7.5, 15, 5.25, 16.25], "texture": "#2"},
				"east": {"uv": [8.25, 15, 7.5, 16.25], "texture": "#2"},
				"south": {"uv": [10.5, 15, 8.25, 16.25], "texture": "#2"},
				"west": {"uv": [5.25, 15, 4.5, 16.25], "texture": "#2"},
				"up": {"uv": [5.25, 15, 7.5, 14.25], "texture": "#2"},
				"down": {"uv": [7.5, 14.25, 9.75, 15], "texture": "#2"}
			}
		},
		{
			"name": "left",
			"from": [8, 20.25304, 13.93119],
			"to": [22, 23.67523, 15.63987],
			"rotation": {"angle": -45, "axis": "x", "origin": [20.65, 15.75919, 11.60459]},
			"faces": {
				"north": {"uv": [8, 15, 4.5, 15.75], "texture": "#2"},
				"east": {"uv": [8.25, 15, 8, 15.75], "texture": "#2"},
				"south": {"uv": [11.75, 15, 8.25, 15.75], "texture": "#2"},
				"west": {"uv": [4.5, 15, 4.25, 15.75], "texture": "#2"},
				"up": {"uv": [4.5, 15, 8, 14.75], "texture": "#2"},
				"down": {"uv": [8, 14.75, 11.5, 15], "texture": "#2"}
			}
		},
		{
			"name": "left",
			"from": [8, 23.18193, 5.3494],
			"to": [22, 24.89061, 8.77158],
			"rotation": {"angle": 22.5, "axis": "x", "origin": [20.65, 24.03627, 7.06049]},
			"faces": {
				"north": {"uv": [8.5, 15.5, 5, 15.75], "texture": "#2"},
				"east": {"uv": [9.25, 15.5, 8.5, 15.75], "texture": "#2"},
				"south": {"uv": [12.75, 15.5, 9.25, 15.75], "texture": "#2"},
				"west": {"uv": [5, 15.5, 4.25, 15.75], "texture": "#2"},
				"up": {"uv": [5, 15.5, 8.5, 14.75], "texture": "#2"},
				"down": {"uv": [8.5, 14.75, 12, 15.5], "texture": "#2"}
			}
		},
		{
			"name": "left",
			"from": [19.3, 12.05061, 11.95129],
			"to": [22, 21.47279, 13.65997],
			"rotation": {"angle": -22.5, "axis": "x", "origin": [20.65, 15.75919, 11.60459]},
			"faces": {
				"north": {"uv": [7.75, 15, 7.25, 17.25], "texture": "#2"},
				"east": {"uv": [8, 15, 7.75, 17.25], "texture": "#2"},
				"south": {"uv": [8.5, 15, 8, 17.25], "texture": "#2"},
				"west": {"uv": [7.25, 15, 7, 17.25], "texture": "#2"},
				"up": {"uv": [7.25, 15, 7.75, 14.75], "texture": "#2"},
				"down": {"uv": [7.75, 14.75, 8.25, 15], "texture": "#2"}
			}
		},
		{
			"name": "left",
			"from": [8, 21.21042, -5.92603],
			"to": [22, 22.9191, -2.50385],
			"rotation": {"angle": -22.5, "axis": "x", "origin": [20.65, 24.03627, -8.93951]},
			"faces": {
				"north": {"uv": [11.5, 15.5, 8, 15.75], "texture": "#2"},
				"east": {"uv": [12.25, 15.5, 11.5, 15.75], "texture": "#2"},
				"south": {"uv": [15.75, 15.5, 12.25, 15.75], "texture": "#2"},
				"west": {"uv": [8, 15.5, 7.25, 15.75], "texture": "#2"},
				"up": {"uv": [8, 15.5, 11.5, 14.75], "texture": "#2"},
				"down": {"uv": [11.5, 14.75, 15, 15.5], "texture": "#2"}
			}
		},
		{
			"name": "left",
			"from": [21.2, 7.90386, -5.38483],
			"to": [22, 21.61254, -3.96265],
			"rotation": {"angle": -22.5, "axis": "x", "origin": [20.65, 24.03627, -8.93951]},
			"faces": {
				"north": {"uv": [8.5, 15.5, 8.5, 18.75], "texture": "#2"},
				"east": {"uv": [8.75, 15.5, 8.5, 18.75], "texture": "#2"},
				"south": {"uv": [8.75, 15.5, 8.75, 18.75], "texture": "#2"},
				"west": {"uv": [8.5, 15.5, 8.25, 18.75], "texture": "#2"},
				"up": {"uv": [8.5, 15.5, 8.5, 15.25], "texture": "#2"},
				"down": {"uv": [8.5, 15.25, 8.5, 15.5], "texture": "#2"}
			}
		},
		{
			"name": "front",
			"from": [21.25, 18.0536, 8.71945],
			"to": [21.55, 21.9536, 11.01945],
			"rotation": {"angle": 0, "axis": "z", "origin": [8.1, 17.6036, 6.51945]},
			"faces": {
				"north": {"uv": [5, 11, 5, 11.75], "texture": "#1"},
				"east": {"uv": [5.5, 11, 5, 11.75], "texture": "#1"},
				"south": {"uv": [5.5, 11, 5.5, 11.75], "texture": "#1"},
				"west": {"uv": [5, 11, 4.5, 11.75], "texture": "#1"},
				"up": {"uv": [5, 11, 5, 10.5], "texture": "#1"},
				"down": {"uv": [5, 10.5, 5, 11], "texture": "#1"}
			}
		},
		{
			"name": "front",
			"from": [21.25, 13.0536, -13.28055],
			"to": [21.55, 16.1536, -11.28055],
			"rotation": {"angle": 0, "axis": "y", "origin": [8.1, 17.6036, 6.51945]},
			"faces": {
				"north": {"uv": [31.5, 0, 31.5, 0.75], "texture": "#1"},
				"east": {"uv": [32, 0, 31.5, 0.75], "texture": "#1"},
				"south": {"uv": [32, 0, 32, 0.75], "texture": "#1"},
				"west": {"uv": [31.5, 0, 31, 0.75], "texture": "#1"},
				"up": {"uv": [31.5, 0, 31.5, -0.5], "texture": "#1"},
				"down": {"uv": [31.5, -0.5, 31.5, 0], "texture": "#1"}
			}
		},
		{
			"name": "front",
			"from": [21.25, 13.0536, 8.71945],
			"to": [21.55, 18.1536, 12.71945],
			"rotation": {"angle": 0, "axis": "y", "origin": [8.1, 17.6036, 6.51945]},
			"faces": {
				"north": {"uv": [31, 0, 31, 1.25], "texture": "#1"},
				"east": {"uv": [32, 0, 31, 1.25], "texture": "#1"},
				"south": {"uv": [32, 0, 32, 1.25], "texture": "#1"},
				"west": {"uv": [31, 0, 30, 1.25], "texture": "#1"},
				"up": {"uv": [31, 0, 31, -1], "texture": "#1"},
				"down": {"uv": [31, -1, 31, 0], "texture": "#1"}
			}
		},
		{
			"name": "front",
			"from": [21.25, 13.0536, -4.28055],
			"to": [21.55, 24.1536, 8.71945],
			"rotation": {"angle": 0, "axis": "z", "origin": [8.1, 17.6036, 6.51945]},
			"faces": {
				"north": {"uv": [28.75, 0, 28.75, 2.75], "texture": "#1"},
				"east": {"uv": [32, 0, 28.75, 2.75], "texture": "#1"},
				"south": {"uv": [32, 0, 32, 2.75], "texture": "#1"},
				"west": {"uv": [28.75, 0, 25.5, 2.75], "texture": "#1"},
				"up": {"uv": [28.75, 0, 28.75, -3.25], "texture": "#1"},
				"down": {"uv": [28.75, -3.25, 28.75, 0], "texture": "#1"}
			}
		},
		{
			"name": "front",
			"from": [21.25, 13.0536, -9.28055],
			"to": [21.55, 20.1536, -4.28055],
			"rotation": {"angle": 0, "axis": "y", "origin": [8.1, 17.6036, 6.51945]},
			"faces": {
				"north": {"uv": [30.75, 0, 30.75, 1.75], "texture": "#1"},
				"east": {"uv": [32, 0, 30.75, 1.75], "texture": "#1"},
				"south": {"uv": [32, 0, 32, 1.75], "texture": "#1"},
				"west": {"uv": [30.75, 0, 29.5, 1.75], "texture": "#1"},
				"up": {"uv": [30.75, 0, 30.75, -1.25], "texture": "#1"},
				"down": {"uv": [30.75, -1.25, 30.75, 0], "texture": "#1"}
			}
		},
		{
			"name": "front",
			"from": [21.25, 22.0536, -6.28055],
			"to": [21.55, 23.1536, -4.28055],
			"rotation": {"angle": 0, "axis": "y", "origin": [8.1, 17.6036, 6.51945]},
			"faces": {
				"north": {"uv": [5, 11, 5, 11.25], "texture": "#1"},
				"east": {"uv": [5.5, 11, 5, 11.25], "texture": "#1"},
				"south": {"uv": [5.5, 11, 5.5, 11.25], "texture": "#1"},
				"west": {"uv": [5, 11, 4.5, 11.25], "texture": "#1"},
				"up": {"uv": [5, 11, 5, 10.5], "texture": "#1"},
				"down": {"uv": [5, 10.5, 5, 11], "texture": "#1"}
			}
		},
		{
			"name": "front",
			"from": [21.25, 13.0536, -11.28055],
			"to": [21.55, 18.1536, -9.28055],
			"rotation": {"angle": 0, "axis": "y", "origin": [8.1, 17.6036, 6.51945]},
			"faces": {
				"north": {"uv": [31.5, 0, 31.5, 1.25], "texture": "#1"},
				"east": {"uv": [32, 0, 31.5, 1.25], "texture": "#1"},
				"south": {"uv": [32, 0, 32, 1.25], "texture": "#1"},
				"west": {"uv": [31.5, 0, 31, 1.25], "texture": "#1"},
				"up": {"uv": [31.5, 0, 31.5, -0.5], "texture": "#1"},
				"down": {"uv": [31.5, -0.5, 31.5, 0], "texture": "#1"}
			}
		},
		{
			"name": "front",
			"from": [21.25, 20.0536, -7.28055],
			"to": [21.55, 22.1536, -3.28055],
			"rotation": {"angle": 0, "axis": "y", "origin": [8.1, 17.6036, 6.51945]},
			"faces": {
				"north": {"uv": [31, 0, 31, 0.5], "texture": "#1"},
				"east": {"uv": [32, 0, 31, 0.5], "texture": "#1"},
				"south": {"uv": [32, 0, 32, 0.5], "texture": "#1"},
				"west": {"uv": [31, 0, 30, 0.5], "texture": "#1"},
				"up": {"uv": [31, 0, 31, -1], "texture": "#1"},
				"down": {"uv": [31, -1, 31, 0], "texture": "#1"}
			}
		},
		{
			"name": "left",
			"from": [21.2, 17.94772, -1.41498],
			"to": [21.8, 23.85858, -0.9928],
			"rotation": {"angle": 0, "axis": "x", "origin": [20.65, 24.03627, -8.93951]},
			"faces": {
				"north": {"uv": [8.5, 15.5, 8.5, 16.75], "texture": "#2"},
				"east": {"uv": [8.5, 15.5, 8.5, 16.75], "texture": "#2"},
				"south": {"uv": [8.5, 15.5, 8.5, 16.75], "texture": "#2"},
				"west": {"uv": [8.5, 15.5, 8.5, 16.75], "texture": "#2"},
				"up": {"uv": [8.5, 15.5, 8.5, 15.5], "texture": "#2"},
				"down": {"uv": [8.5, 15.5, 8.5, 15.5], "texture": "#2"}
			}
		},
		{
			"name": "front",
			"from": [8, 10, 26],
			"to": [16, 11, 31],
			"rotation": {"angle": 0, "axis": "z", "origin": [12, 11, 28.5]},
			"faces": {
				"north": {"uv": [5.5, 5.25, 3.5, 5.5], "texture": "#2"},
				"east": {"uv": [6.75, 5.25, 5.5, 5.5], "texture": "#2"},
				"south": {"uv": [8.75, 5.25, 6.75, 5.5], "texture": "#2"},
				"west": {"uv": [3.5, 5.25, 2.25, 5.5], "texture": "#2"},
				"up": {"uv": [3.5, 5.25, 5.5, 4], "texture": "#2"},
				"down": {"uv": [5.5, 4, 7.5, 5.25], "texture": "#2"}
			}
		},
		{
			"name": "front",
			"from": [8, 4, 24],
			"to": [22, 14, 28],
			"rotation": {"angle": -22.5, "axis": "x", "origin": [14, 9, 26]},
			"faces": {
				"north": {"uv": [9.75, 5.25, 6.25, 7.75], "texture": "#0"},
				"east": {"uv": [9.75, 5.25, 6.25, 7.75], "texture": "#0"},
				"south": {"uv": [9.75, 5.25, 6.25, 7.75], "texture": "#0"},
				"west": {"uv": [9.75, 5.25, 6.25, 7.75], "texture": "#0"},
				"up": {"uv": [9.75, 5.25, 6.25, 7.75], "texture": "#0"},
				"down": {"uv": [9.75, 5.25, 6.25, 7.75], "texture": "#0"}
			}
		},
		{
			"name": "front",
			"from": [15, 2, 26],
			"to": [17, 10, 31],
			"rotation": {"angle": 0, "axis": "y", "origin": [12, 2, 12]},
			"faces": {
				"north": {"uv": [4, 5.25, 3.5, 7.25], "texture": "#2"},
				"east": {"uv": [5.25, 5.25, 4, 7.25], "texture": "#2"},
				"south": {"uv": [5.75, 5.25, 5.25, 7.25], "texture": "#2"},
				"west": {"uv": [3.5, 5.25, 2.25, 7.25], "texture": "#2"},
				"up": {"uv": [3.5, 5.25, 4, 4], "texture": "#2"},
				"down": {"uv": [4, 4, 4.5, 5.25], "texture": "#2"}
			}
		},
		{
			"name": "front",
			"from": [-3.4, 13, -11.6],
			"to": [19.6, 26.1, -11.3],
			"rotation": {"angle": 45, "axis": "x", "origin": [8.6, 17.5, -11.6]},
			"faces": {
				"north": {"uv": [0, 0, 5.75, 3.25], "texture": "#1"},
				"east": {"uv": [0, 0, 0, 3.25], "texture": "#1"},
				"south": {"uv": [5.75, 0, 11.5, 3.25], "texture": "#1"},
				"west": {"uv": [5.75, 0, 5.75, 3.25], "texture": "#1"},
				"up": {"uv": [5.75, 0, 0, 0], "texture": "#1"},
				"down": {"uv": [11.5, 0, 5.75, 0], "texture": "#1"}
			}
		},
		{
			"name": "front",
			"from": [-3.4, 13, 12.4],
			"to": [19.6, 22.1, 12.7],
			"rotation": {"angle": -22.5, "axis": "x", "origin": [8.6, 17.5, 12.4]},
			"faces": {
				"north": {"uv": [26.25, 0, 20.5, 2.25], "texture": "#1"},
				"east": {"uv": [26.25, 0, 26.25, 2.25], "texture": "#1"},
				"south": {"uv": [32, 0, 26.25, 2.25], "texture": "#1"},
				"west": {"uv": [20.5, 0, 20.5, 2.25], "texture": "#1"},
				"up": {"uv": [20.5, 0, 26.25, 0], "texture": "#1"},
				"down": {"uv": [26.25, 0, 32, 0], "texture": "#1"}
			}
		},
		{
			"name": "bottom",
			"from": [-3, 4, -10],
			"to": [19, 6, 26],
			"rotation": {"angle": 0, "axis": "y", "origin": [16, 0, 0]},
			"faces": {
				"north": {"uv": [11, 7, 5.5, 7.5], "texture": "#0"},
				"east": {"uv": [20, 7, 11, 7.5], "texture": "#0"},
				"south": {"uv": [25.5, 7, 20, 7.5], "texture": "#0"},
				"west": {"uv": [5.5, 7, -3.5, 7.5], "texture": "#0"},
				"up": {"uv": [5.5, 7, 11, -2], "texture": "#0"},
				"down": {"uv": [11, -2, 16.5, 7], "texture": "#0"}
			}
		},
		{
			"from": [21, 0.04, -11],
			"to": [27, 2.04, -6],
			"rotation": {"angle": 0, "axis": "y", "origin": [25, 0, -11]},
			"faces": {
				"north": {"uv": [0, 0, 0.5, 0.5], "texture": "#7"},
				"east": {"uv": [0, 0, 0.5, 0.5], "texture": "#7"},
				"south": {"uv": [0, 0, 0.5, 0.5], "texture": "#7"},
				"west": {"uv": [0, 0, 0.5, 0.5], "texture": "#7"},
				"up": {"uv": [0, 0, 0.5, 0.5], "texture": "#7"},
				"down": {"uv": [0, 0, 0.5, 0.5], "texture": "#7"}
			}
		},
		{
			"from": [21, 7, -11],
			"to": [27, 9, -6],
			"rotation": {"angle": 0, "axis": "y", "origin": [25, 7, -11]},
			"faces": {
				"north": {"uv": [0, 0, 0.5, 0.5], "texture": "#7"},
				"east": {"uv": [0, 0, 0.5, 0.5], "texture": "#7"},
				"south": {"uv": [0, 0, 0.5, 0.5], "texture": "#7"},
				"west": {"uv": [0, 0, 0.5, 0.5], "texture": "#7"},
				"up": {"uv": [0, 0, 0.5, 0.5], "texture": "#7"},
				"down": {"uv": [0, 0, 0.5, 0.5], "texture": "#7"}
			}
		},
		{
			"from": [21, 2, -12.96],
			"to": [27, 7, -10.96],
			"rotation": {"angle": 0, "axis": "x", "origin": [25, 2, -11]},
			"faces": {
				"north": {"uv": [28.25, 30.25, 28.75, 30.75], "rotation": 180, "texture": "#7"},
				"east": {"uv": [28.25, 30.25, 28.75, 30.75], "rotation": 180, "texture": "#7"},
				"south": {"uv": [28.25, 30.25, 28.75, 30.75], "rotation": 180, "texture": "#7"},
				"west": {"uv": [28.25, 30.25, 28.75, 30.75], "rotation": 180, "texture": "#7"},
				"up": {"uv": [28.25, 30.25, 28.75, 30.75], "rotation": 180, "texture": "#7"},
				"down": {"uv": [28.25, 30.25, 28.75, 30.75], "rotation": 180, "texture": "#7"}
			}
		},
		{
			"from": [21, 2, -6],
			"to": [27, 7, -4],
			"rotation": {"angle": 0, "axis": "y", "origin": [25, 2, -4]},
			"faces": {
				"north": {"uv": [0, 0, 0.5, 0.5], "rotation": 180, "texture": "#7"},
				"east": {"uv": [0, 0, 0.5, 0.5], "rotation": 90, "texture": "#7"},
				"south": {"uv": [0, 0, 0.5, 0.5], "texture": "#7"},
				"west": {"uv": [0, 0, 0.5, 0.5], "rotation": 270, "texture": "#7"},
				"up": {"uv": [0, 0, 0.5, 0.5], "texture": "#7"},
				"down": {"uv": [0, 0, 0.5, 0.5], "rotation": 180, "texture": "#7"}
			}
		},
		{
			"from": [-11, 5.71421, -13.59289],
			"to": [-5, 7.91421, -10.79289],
			"rotation": {"angle": -45, "axis": "x", "origin": [-8, 8.21421, -12.19289]},
			"faces": {
				"north": {"uv": [0.5, 0, 0, 0.5], "texture": "#7"},
				"east": {"uv": [0.5, 0, 0, 0.5], "texture": "#7"},
				"south": {"uv": [0.5, 0, 0, 0.5], "texture": "#7"},
				"west": {"uv": [0.25, 0, 0, 0.25], "texture": "#7"},
				"up": {"uv": [0.25, 0, 0, 0.25], "texture": "#7"},
				"down": {"uv": [0.25, 0, 0, 0.25], "texture": "#7"}
			}
		},
		{
			"from": [21, 2, -11],
			"to": [25, 7, -6],
			"rotation": {"angle": 0, "axis": "y", "origin": [23, 3, -10]},
			"faces": {
				"north": {"uv": [14.375, 15.375, 14.875, 16], "texture": "#8"},
				"east": {"uv": [13.75, 15.375, 14.375, 16], "texture": "#8"},
				"south": {"uv": [15.5, 15.375, 16, 16], "texture": "#8"},
				"west": {"uv": [14.875, 15.375, 15.5, 16], "texture": "#8"},
				"up": {"uv": [14.875, 15.375, 14.375, 14.75], "texture": "#8"},
				"down": {"uv": [15.375, 14.75, 14.875, 15.375], "texture": "#8"}
			}
		},
		{
			"from": [-11, 5.71421, 18.90711],
			"to": [-5, 7.91421, 21.70711],
			"rotation": {"angle": -45, "axis": "x", "origin": [-8, 8.21421, 20.30711]},
			"faces": {
				"north": {"uv": [0, 0, 0.5, 0.5], "texture": "#7"},
				"east": {"uv": [0, 0, 0.5, 0.5], "texture": "#7"},
				"south": {"uv": [0, 0, 0.5, 0.5], "texture": "#7"},
				"west": {"uv": [0, 0, 0.5, 0.5], "texture": "#7"},
				"up": {"uv": [0, 0, 0.5, 0.5], "texture": "#7"},
				"down": {"uv": [0, 0, 0.5, 0.5], "texture": "#7"}
			}
		},
		{
			"from": [21, 5.71421, -13.59289],
			"to": [27, 7.91421, -10.79289],
			"rotation": {"angle": -45, "axis": "x", "origin": [24, 8.21421, -12.19289]},
			"faces": {
				"north": {"uv": [0, 0, 0.5, 0.5], "texture": "#7"},
				"east": {"uv": [0, 0, 0.5, 0.5], "texture": "#7"},
				"south": {"uv": [0, 0, 0.5, 0.5], "texture": "#7"},
				"west": {"uv": [0, 0, 0.5, 0.5], "texture": "#7"},
				"up": {"uv": [0, 0, 0.5, 0.5], "texture": "#7"},
				"down": {"uv": [0, 0, 0.5, 0.5], "texture": "#7"}
			}
		},
		{
			"from": [-11, 5.71421, -13.59289],
			"to": [-5, 7.91421, -10.79289],
			"rotation": {"angle": -45, "axis": "x", "origin": [-8, 8.21421, -12.19289]},
			"faces": {
				"north": {"uv": [0.5, 0, 0, 0.5], "texture": "#7"},
				"east": {"uv": [0.5, 0, 0, 0.5], "texture": "#7"},
				"south": {"uv": [0.5, 0, 0, 0.5], "texture": "#7"},
				"west": {"uv": [0.5, 0, 0, 0.5], "texture": "#7"},
				"up": {"uv": [0.5, 0, 0, 0.5], "texture": "#7"},
				"down": {"uv": [0.5, 0, 0, 0.5], "texture": "#7"}
			}
		},
		{
			"from": [21, -0.58579, -11.89289],
			"to": [27, 2.21421, -9.69289],
			"rotation": {"angle": -45, "axis": "x", "origin": [24, 0.81421, -12.19289]},
			"faces": {
				"north": {"uv": [0.5, 0, 0, 0.5], "rotation": 180, "texture": "#7"},
				"east": {"uv": [0.5, 0, 0, 0.5], "rotation": 90, "texture": "#7"},
				"south": {"uv": [0.5, 0, 0, 0.5], "texture": "#7"},
				"west": {"uv": [0.5, 0, 0, 0.5], "rotation": 270, "texture": "#7"},
				"up": {"uv": [0.5, 0, 0, 0.5], "texture": "#7"},
				"down": {"uv": [0.5, 0, 0, 0.5], "rotation": 180, "texture": "#7"}
			}
		},
		{
			"from": [-11, -0.58579, 20.60711],
			"to": [-5, 2.21421, 22.80711],
			"rotation": {"angle": -45, "axis": "x", "origin": [-8, 0.81421, 20.30711]},
			"faces": {
				"north": {"uv": [0, 0, 0.5, 0.5], "rotation": 180, "texture": "#7"},
				"east": {"uv": [0.5, 0.5, 0, 0], "rotation": 270, "texture": "#7"},
				"south": {"uv": [0, 0, 0.5, 0.5], "texture": "#7"},
				"west": {"uv": [0.5, 0.5, 0, 0], "rotation": 90, "texture": "#7"},
				"up": {"uv": [0, 0, 0.5, 0.5], "texture": "#7"},
				"down": {"uv": [0, 0, 0.5, 0.5], "rotation": 180, "texture": "#7"}
			}
		},
		{
			"from": [-11, 1.33, 26.01],
			"to": [-5, 4.13, 28.21],
			"rotation": {"angle": 45, "axis": "x", "origin": [-8, 2.71421, 25.80711]},
			"faces": {
				"north": {"uv": [0, 0, 0.5, 0.5], "rotation": 180, "texture": "#7"},
				"east": {"uv": [0.5, 0.5, 0, 0], "rotation": 270, "texture": "#7"},
				"south": {"uv": [0, 0, 0.5, 0.5], "texture": "#7"},
				"west": {"uv": [0.5, 0.5, 0, 0], "rotation": 90, "texture": "#7"},
				"up": {"uv": [0, 0, 0.5, 0.5], "texture": "#7"},
				"down": {"uv": [0, 0, 0.5, 0.5], "rotation": 180, "texture": "#7"}
			}
		},
		{
			"from": [21, 5.71421, -6.19289],
			"to": [27, 7.91421, -3.39289],
			"rotation": {"angle": 45, "axis": "x", "origin": [24, 8.21421, -4.79289]},
			"faces": {
				"north": {"uv": [0.5, 0, 0, 0.5], "texture": "#7"},
				"east": {"uv": [0.5, 0, 0, 0.5], "texture": "#7"},
				"south": {"uv": [0.5, 0, 0, 0.5], "texture": "#7"},
				"west": {"uv": [0.5, 0, 0, 0.5], "texture": "#7"},
				"up": {"uv": [0.5, 0, 0, 0.5], "texture": "#7"},
				"down": {"uv": [0.5, 0, 0, 0.5], "texture": "#7"}
			}
		},
		{
			"from": [-11, 5.71421, 26.30711],
			"to": [-5, 7.91421, 29.10711],
			"rotation": {"angle": 45, "axis": "x", "origin": [-8, 8.21421, 27.70711]},
			"faces": {
				"north": {"uv": [0, 0, 0.5, 0.5], "texture": "#7"},
				"east": {"uv": [0, 0, 0.5, 0.5], "texture": "#7"},
				"south": {"uv": [0, 0, 0.5, 0.5], "texture": "#7"},
				"west": {"uv": [0, 0, 0.5, 0.5], "texture": "#7"},
				"up": {"uv": [0, 0, 0.5, 0.5], "texture": "#7"},
				"down": {"uv": [0, 0, 0.5, 0.5], "texture": "#7"}
			}
		},
		{
			"from": [21, 0.40409, -6.86045],
			"to": [27, 3.20409, -4.66045],
			"rotation": {"angle": 45, "axis": "x", "origin": [24, 1.80409, -5.76045]},
			"faces": {
				"north": {"uv": [0.5, 0, 0, 0.5], "rotation": 180, "texture": "#7"},
				"east": {"uv": [0.5, 0, 0, 0.5], "rotation": 90, "texture": "#7"},
				"south": {"uv": [0.5, 0, 0, 0.5], "texture": "#7"},
				"west": {"uv": [0.5, 0, 0, 0.5], "rotation": 270, "texture": "#7"},
				"up": {"uv": [0.5, 0, 0, 0.5], "texture": "#7"},
				"down": {"uv": [0.5, 0, 0, 0.5], "rotation": 180, "texture": "#7"}
			}
		},
		{
			"from": [-11, 0.40409, -6.86045],
			"to": [-5, 3.20409, -4.66045],
			"rotation": {"angle": 45, "axis": "x", "origin": [-8, 1.80409, -5.76045]},
			"faces": {
				"north": {"uv": [0, 0, 0.5, 0.5], "rotation": 180, "texture": "#7"},
				"east": {"uv": [0.5, 0.5, 0, 0], "rotation": 270, "texture": "#7"},
				"south": {"uv": [0, 0, 0.25, 0.25], "texture": "#7"},
				"west": {"uv": [0.25, 0.25, 0, 0], "rotation": 90, "texture": "#7"},
				"up": {"uv": [0, 0, 0.5, 0.5], "texture": "#7"},
				"down": {"uv": [0, 0, 0.5, 0.5], "rotation": 180, "texture": "#7"}
			}
		},
		{
			"from": [-11, 0.04, 21.5],
			"to": [-5, 2.04, 26.5],
			"rotation": {"angle": 0, "axis": "y", "origin": [-7, 0, 21.5]},
			"faces": {
				"north": {"uv": [0, 0, 0.5, 0.5], "texture": "#7"},
				"east": {"uv": [0, 0, 0.5, 0.5], "texture": "#7"},
				"south": {"uv": [0, 0, 0.5, 0.5], "texture": "#7"},
				"west": {"uv": [0, 0, 0.5, 0.5], "texture": "#7"},
				"up": {"uv": [0, 0, 0.5, 0.5], "texture": "#7"},
				"down": {"uv": [0, 0, 0.5, 0.5], "texture": "#7"}
			}
		},
		{
			"from": [-11, 7, 21.5],
			"to": [-5, 9, 26.5],
			"rotation": {"angle": 0, "axis": "y", "origin": [-7, 7, 21.5]},
			"faces": {
				"north": {"uv": [0, 0, 0.5, 0.5], "texture": "#7"},
				"east": {"uv": [0, 0, 0.5, 0.5], "texture": "#7"},
				"south": {"uv": [0, 0, 0.5, 0.5], "texture": "#7"},
				"west": {"uv": [0, 0, 0.5, 0.5], "texture": "#7"},
				"up": {"uv": [0, 0, 0.5, 0.5], "texture": "#7"},
				"down": {"uv": [0, 0, 0.5, 0.5], "texture": "#7"}
			}
		},
		{
			"from": [-11, 2, 19.5],
			"to": [-5, 7, 21.5],
			"rotation": {"angle": 0, "axis": "y", "origin": [-7, 2, 21.5]},
			"faces": {
				"north": {"uv": [0, 0, 0.5, 0.5], "rotation": 180, "texture": "#7"},
				"east": {"uv": [0, 0, 0.5, 0.5], "rotation": 90, "texture": "#7"},
				"south": {"uv": [0, 0, 0.5, 0.5], "texture": "#7"},
				"west": {"uv": [0, 0, 0.5, 0.5], "rotation": 270, "texture": "#7"},
				"up": {"uv": [0, 0, 0.5, 0.5], "texture": "#7"},
				"down": {"uv": [0, 0, 0.5, 0.5], "rotation": 180, "texture": "#7"}
			}
		},
		{
			"from": [-11, 2, 26.5],
			"to": [-5, 7, 28.5],
			"rotation": {"angle": 0, "axis": "y", "origin": [-7, 2, 28.5]},
			"faces": {
				"north": {"uv": [0, 0, 0.5, 0.5], "rotation": 180, "texture": "#7"},
				"east": {"uv": [0, 0, 0.5, 0.5], "rotation": 90, "texture": "#7"},
				"south": {"uv": [0, 0, 0.5, 0.5], "texture": "#7"},
				"west": {"uv": [0.75, 30.25, 1.25, 30.75], "rotation": 270, "texture": "#7"},
				"up": {"uv": [0, 0, 0.5, 0.5], "texture": "#7"},
				"down": {"uv": [0, 0, 0.5, 0.5], "rotation": 180, "texture": "#7"}
			}
		},
		{
			"from": [-9, 2, 21.5],
			"to": [-5, 7, 26.5],
			"rotation": {"angle": 0, "axis": "y", "origin": [-7, 3, 22.5]},
			"faces": {
				"north": {"uv": [1.125, 15.375, 0.625, 16], "texture": "#8"},
				"east": {"uv": [1.75, 15.375, 1.125, 16], "texture": "#8"},
				"south": {"uv": [2.25, 15.375, 1.75, 16], "texture": "#8"},
				"west": {"uv": [0.625, 15.375, 0, 16], "texture": "#8"},
				"up": {"uv": [0.625, 15.375, 1.125, 14.75], "texture": "#8"},
				"down": {"uv": [1.125, 14.75, 1.625, 15.375], "texture": "#8"}
			}
		},
		{
			"from": [21, 0.04, 21.5],
			"to": [27, 2.04, 26.5],
			"rotation": {"angle": 0, "axis": "y", "origin": [23, 0, 21.5]},
			"faces": {
				"north": {"uv": [0.5, 0, 0, 0.5], "texture": "#7"},
				"east": {"uv": [0.5, 0, 0, 0.5], "texture": "#7"},
				"south": {"uv": [0.5, 0, 0, 0.5], "texture": "#7"},
				"west": {"uv": [0.5, 0, 0, 0.5], "texture": "#7"},
				"up": {"uv": [0.5, 0, 0, 0.5], "texture": "#7"},
				"down": {"uv": [0.5, 0, 0, 0.5], "texture": "#7"}
			}
		},
		{
			"from": [21, 5.71421, 18.90711],
			"to": [27, 7.91421, 21.70711],
			"rotation": {"angle": -45, "axis": "x", "origin": [24, 8.21421, 20.30711]},
			"faces": {
				"north": {"uv": [0.5, 0, 0, 0.5], "texture": "#7"},
				"east": {"uv": [0.5, 0, 0, 0.5], "texture": "#7"},
				"south": {"uv": [0.5, 0, 0, 0.5], "texture": "#7"},
				"west": {"uv": [0.5, 0, 0, 0.5], "texture": "#7"},
				"up": {"uv": [0.5, 0, 0, 0.5], "texture": "#7"},
				"down": {"uv": [0.5, 0, 0, 0.5], "texture": "#7"}
			}
		},
		{
			"from": [21, 5.71421, 26.30711],
			"to": [27, 7.91421, 29.10711],
			"rotation": {"angle": 45, "axis": "x", "origin": [24, 8.21421, 27.70711]},
			"faces": {
				"north": {"uv": [0.5, 0, 0, 0.5], "texture": "#7"},
				"east": {"uv": [0.5, 0, 0, 0.5], "texture": "#7"},
				"south": {"uv": [0.5, 0, 0, 0.5], "texture": "#7"},
				"west": {"uv": [0.5, 0, 0, 0.5], "texture": "#7"},
				"up": {"uv": [0.5, 0, 0, 0.5], "texture": "#7"},
				"down": {"uv": [0.5, 0, 0, 0.5], "texture": "#7"}
			}
		},
		{
			"from": [21, -0.58579, 20.60711],
			"to": [27, 2.21421, 22.80711],
			"rotation": {"angle": -45, "axis": "x", "origin": [24, 0.81421, 20.30711]},
			"faces": {
				"north": {"uv": [0.5, 0, 0, 0.5], "rotation": 180, "texture": "#7"},
				"east": {"uv": [0.5, 0, 0, 0.5], "rotation": 90, "texture": "#7"},
				"south": {"uv": [0.5, 0, 0, 0.5], "texture": "#7"},
				"west": {"uv": [0.5, 0, 0, 0.5], "rotation": 270, "texture": "#7"},
				"up": {"uv": [0.5, 0, 0, 0.5], "texture": "#7"},
				"down": {"uv": [0.5, 0, 0, 0.5], "rotation": 180, "texture": "#7"}
			}
		},
		{
			"from": [21, 1.33, 26.01],
			"to": [27, 4.13, 28.21],
			"rotation": {"angle": 45, "axis": "x", "origin": [24, 2.71421, 25.80711]},
			"faces": {
				"north": {"uv": [0.5, 0, 0, 0.5], "rotation": 180, "texture": "#7"},
				"east": {"uv": [0.5, 0, 0, 0.5], "rotation": 90, "texture": "#7"},
				"south": {"uv": [0.5, 0, 0, 0.5], "texture": "#7"},
				"west": {"uv": [0.5, 0, 0, 0.5], "rotation": 270, "texture": "#7"},
				"up": {"uv": [0.5, 0, 0, 0.5], "texture": "#7"},
				"down": {"uv": [0.5, 0, 0, 0.5], "rotation": 180, "texture": "#7"}
			}
		},
		{
			"from": [21, 7, 21.5],
			"to": [27, 9, 26.5],
			"rotation": {"angle": 0, "axis": "y", "origin": [23, 7, 21.5]},
			"faces": {
				"north": {"uv": [0.5, 0, 0, 0.5], "texture": "#7"},
				"east": {"uv": [0.5, 0, 0, 0.5], "texture": "#7"},
				"south": {"uv": [0.5, 0, 0, 0.5], "texture": "#7"},
				"west": {"uv": [0.5, 0, 0, 0.5], "texture": "#7"},
				"up": {"uv": [0.5, 0, 0, 0.5], "texture": "#7"},
				"down": {"uv": [0.5, 0, 0, 0.5], "texture": "#7"}
			}
		},
		{
			"from": [21, 2, 19.5],
			"to": [27, 7, 21.5],
			"rotation": {"angle": 0, "axis": "y", "origin": [23, 2, 21.5]},
			"faces": {
				"north": {"uv": [0.5, 0, 0, 0.5], "rotation": 180, "texture": "#7"},
				"east": {"uv": [28.25, 24.75, 28.75, 24.25], "rotation": 270, "texture": "#7"},
				"south": {"uv": [0.5, 0, 0, 0.5], "texture": "#7"},
				"west": {"uv": [0, 0.5, 0.5, 0], "rotation": 90, "texture": "#7"},
				"up": {"uv": [0.5, 0, 0, 0.5], "texture": "#7"},
				"down": {"uv": [0.5, 0, 0, 0.5], "rotation": 180, "texture": "#7"}
			}
		},
		{
			"from": [21, 2, 26.5],
			"to": [27, 7, 28.5],
			"rotation": {"angle": 0, "axis": "y", "origin": [23, 2, 28.5]},
			"faces": {
				"north": {"uv": [0.5, 0, 0, 0.5], "rotation": 180, "texture": "#7"},
				"east": {"uv": [0, 0.5, 0.5, 0], "rotation": 270, "texture": "#7"},
				"south": {"uv": [0.5, 0, 0, 0.5], "texture": "#7"},
				"west": {"uv": [0, 0.5, 0.5, 0], "rotation": 90, "texture": "#7"},
				"up": {"uv": [0.5, 0, 0, 0.5], "texture": "#7"},
				"down": {"uv": [0.5, 0, 0, 0.5], "rotation": 180, "texture": "#7"}
			}
		},
		{
			"from": [21, 2, 21.5],
			"to": [25, 7, 26.5],
			"rotation": {"angle": 0, "axis": "y", "origin": [23, 3, 22.5]},
			"faces": {
				"north": {"uv": [14.375, 12.375, 14.875, 13], "texture": "#8"},
				"east": {"uv": [13.75, 12.375, 14.375, 13], "texture": "#8"},
				"south": {"uv": [15.5, 12.375, 16, 13], "texture": "#8"},
				"west": {"uv": [14.875, 12.375, 15.5, 13], "texture": "#8"},
				"up": {"uv": [14.875, 12.375, 14.375, 11.75], "texture": "#8"},
				"down": {"uv": [15.375, 11.75, 14.875, 12.375], "texture": "#8"}
			}
		},
		{
			"from": [-11, 5.71421, -6.19289],
			"to": [-5, 7.91421, -3.39289],
			"rotation": {"angle": 45, "axis": "x", "origin": [-8, 8.21421, -4.79289]},
			"faces": {
				"north": {"uv": [0, 0, 0.5, 0.5], "texture": "#7"},
				"east": {"uv": [0, 0, 0.5, 0.5], "texture": "#7"},
				"south": {"uv": [0, 0, 0.5, 0.5], "texture": "#7"},
				"west": {"uv": [0, 0, 0.25, 0.25], "texture": "#7"},
				"up": {"uv": [0, 0, 0.5, 0.5], "texture": "#7"},
				"down": {"uv": [0, 0, 0.25, 0.25], "texture": "#7"}
			}
		},
		{
			"from": [-11, -0.58579, -11.89289],
			"to": [-5, 2.21421, -9.69289],
			"rotation": {"angle": -45, "axis": "x", "origin": [-8, 0.81421, -12.19289]},
			"faces": {
				"north": {"uv": [0, 0, 0.25, 0.25], "rotation": 180, "texture": "#7"},
				"east": {"uv": [0.5, 0.5, 0, 0], "rotation": 270, "texture": "#7"},
				"south": {"uv": [0, 0, 0.5, 0.5], "texture": "#7"},
				"west": {"uv": [0.25, 0.25, 0, 0], "rotation": 90, "texture": "#7"},
				"up": {"uv": [0, 0, 0.5, 0.5], "texture": "#7"},
				"down": {"uv": [0, 0, 0.5, 0.5], "rotation": 180, "texture": "#7"}
			}
		},
		{
			"from": [-11, 0.04, -11],
			"to": [-5, 2.04, -6],
			"rotation": {"angle": 0, "axis": "y", "origin": [-9, 0, -11]},
			"faces": {
				"north": {"uv": [0.5, 0, 0, 0.5], "texture": "#7"},
				"east": {"uv": [0.5, 0, 0, 0.5], "texture": "#7"},
				"south": {"uv": [0.5, 0, 0, 0.5], "texture": "#7"},
				"west": {"uv": [0.25, 0, 0, 0.25], "texture": "#7"},
				"up": {"uv": [0.5, 0, 0, 0.5], "texture": "#7"},
				"down": {"uv": [0.25, 0, 0, 0.25], "texture": "#7"}
			}
		},
		{
			"from": [-11, 7, -11],
			"to": [-5, 9, -6],
			"rotation": {"angle": 0, "axis": "y", "origin": [-7, 7, -11]},
			"faces": {
				"north": {"uv": [0, 0, 0.5, 0.5], "texture": "#7"},
				"east": {"uv": [0, 0, 0.5, 0.5], "texture": "#7"},
				"south": {"uv": [0, 0, 0.5, 0.5], "texture": "#7"},
				"west": {"uv": [0, 0, 0.25, 0.25], "texture": "#7"},
				"up": {"uv": [0, 0, 0.25, 0.25], "texture": "#7"},
				"down": {"uv": [0, 0, 0.25, 0.25], "texture": "#7"}
			}
		},
		{
			"from": [-11, 2, -12.96],
			"to": [-5, 7, -10.96],
			"rotation": {"angle": 0, "axis": "x", "origin": [-9, 2, -11]},
			"faces": {
				"north": {"uv": [0.25, 0, 0, 0.25], "rotation": 180, "texture": "#7"},
				"east": {"uv": [0, 0.5, 0.5, 0], "rotation": 270, "texture": "#7"},
				"south": {"uv": [0.25, 0, 0, 0.25], "texture": "#7"},
				"west": {"uv": [0, 0.25, 0.25, 0], "rotation": 90, "texture": "#7"},
				"up": {"uv": [0.5, 0, 0, 0.5], "texture": "#7"},
				"down": {"uv": [0.5, 0, 0, 0.5], "rotation": 180, "texture": "#7"}
			}
		},
		{
			"from": [-11, 2, -6],
			"to": [-5, 7, -4],
			"rotation": {"angle": 0, "axis": "y", "origin": [-7, 2, -4]},
			"faces": {
				"north": {"uv": [0, 0, 0.5, 0.5], "rotation": 180, "texture": "#7"},
				"east": {"uv": [0, 0, 0.5, 0.5], "rotation": 90, "texture": "#7"},
				"south": {"uv": [0, 0, 0.25, 0.25], "texture": "#7"},
				"west": {"uv": [6, 15.125, 6.25, 15.375], "rotation": 270, "texture": "#7"},
				"up": {"uv": [0, 0, 0.5, 0.5], "texture": "#7"},
				"down": {"uv": [0, 0, 0.5, 0.5], "rotation": 180, "texture": "#7"}
			}
		},
		{
			"from": [-9, 2, -11],
			"to": [-5, 7, -6],
			"rotation": {"angle": 0, "axis": "y", "origin": [-7, 3, -10]},
			"faces": {
				"north": {"uv": [6.25, 15.375, 6.75, 16], "texture": "#8"},
				"east": {"uv": [5.625, 15.375, 6.25, 16], "texture": "#8"},
				"south": {"uv": [7.375, 15.375, 7.875, 16], "texture": "#8"},
				"west": {"uv": [6.75, 15.375, 7.375, 16], "texture": "#8"},
				"up": {"uv": [6.75, 15.375, 6.25, 14.75], "texture": "#8"},
				"down": {"uv": [7.25, 14.75, 6.75, 15.375], "texture": "#8"}
			}
		}
	],
	"overrides": [
		{"predicate": {"custom_model_data": 1234567}, "model": "item/flint"}
	],
	"display": {
		"head": {
			"rotation": [0, 180, 0],
			"translation": [0, -80, -1.5],
			"scale": [1.45, 2.15, 2.15]
		}
	},
	"groups": [
		{
			"name": "base",
			"origin": [8, 8, 8],
			"color": 0,
			"children": [
				{
					"name": "left",
					"origin": [7, 2, 0],
					"rotation": [0, -90, 0],
					"color": 0,
					"children": [0]
				},
				{
					"name": "right",
					"origin": [9, 2, 0],
					"rotation": [0, 90, 0],
					"color": 0,
					"children": [1, 2, 3, 4, 5, 6, 7, 8, 9, 10, 11, 12, 13, 14, 15, 16, 17, 18, 19, 20, 21, 22, 23, 24, 25, 26, 27, 28, 29, 30, 31, 32, 33, 34, 35, 36, 37, 38, 39]
				},
				{
					"name": "front",
					"origin": [-4, 2, 15],
					"color": 0,
					"children": [40, 41, 42, 43, 44, 45]
				},
				{
					"name": "bottom",
					"origin": [-1, 3, 0],
					"rotation": [0, -90, -90],
					"color": 0,
					"children": [46]
				},
				{
					"name": "bottom_no_water",
					"origin": [-1, 9, 0],
					"rotation": [0, -90, -90],
					"color": 0,
					"children": []
				},
				{
					"name": "back",
					"origin": [0, 2, -15],
					"rotation": [0, 180, 0],
					"color": 0,
					"children": [47]
				},
				{
					"name": "left",
					"origin": [7, 2, 0],
					"rotation": [0, -90, 0],
					"color": 0,
					"children": [48, 49, 50, 51, 52, 53, 54, 55, 56, 57, 58, 59, 60, 61, 62, 63, 64, 65, 66, 67, 68, 69, 70, 71, 72, 73, 74, 75, 76, 77, 78, 79, 80, 81, 82, 83, 84, 85]
				},
				{
					"name": "front2",
					"origin": [20, 2, 15],
					"color": 0,
					"children": [86, 87]
				},
				{
					"name": "front",
					"origin": [20, 2, 15],
					"color": 0,
					"children": [88, 89, 90]
				},
				{
					"name": "bottom",
					"origin": [17, 3, 0],
					"rotation": [0, 90, 90],
					"color": 0,
					"children": [91]
				},
				{
					"name": "back",
					"origin": [16, 2, -15],
					"rotation": [0, -180, 0],
					"color": 0,
					"children": []
				}
			]
		},
		{
			"name": "kart",
			"origin": [8, 8, 8],
			"color": 0,
			"children": [
				{
					"name": "wheels",
					"origin": [8, 8, 8],
					"color": 0,
					"children": [
						{
							"name": "R1",
							"origin": [8, 8, 8],
							"color": 0,
							"children": [92, 93, 94, 95, 96, 97, 98, 99, 100, 101, 102, 103, 104, 105, 106, 107]
						},
						{
							"name": "L1",
							"origin": [8, 8, 8],
							"color": 0,
							"children": [108, 109, 110, 111, 112]
						},
						{
							"name": "R2",
							"origin": [8, 8, 8],
							"color": 0,
							"children": [113, 114, 115, 116, 117, 118, 119, 120, 121, 122, 123]
						},
						{
							"name": "L2",
							"origin": [8, 8, 8],
							"color": 0,
							"children": [124, 125, 126, 127, 128]
						}
					]
				}
			]
		}
	]
}