{
    "providers": [
        {
            "type": "bitmap",
            "file": "font/bota.png",
            "ascent": 30,
            "height": 30, 
            "chars": ["☃"]
        },
        {
            "type": "bitmap",
            "file": "font/botacd.png",  
            "ascent": 30,
            "height": 30, 
            "chars": ["★"]
        },
		{
            "type": "bitmap",
            "file": "font/minibota.png",  
            "ascent": 15,
            "height": 15, 
            "chars": ["🍆"]
        },
		{
            "type": "bitmap",
		"file": "font/minibotacd.png",  
            "ascent": 15,
            "height": 15, 
            "chars": ["🗣️"]
        }
    ]
}