{
    "providers": [
        {
            "type": "bitmap",
            "file": "font/bota.png",
            "ascent": 19,
            "height": 30, 
            "chars": ["☃"]
        },
        {
            "type": "bitmap",
            "file": "font/botacd.png",  
            "ascent": 19,
            "height": 30, 
            "chars": ["★"]
        },
        {
            "type": "bitmap",
            "file": "font/minibota.png",  
            "ascent": 20,
            "height": 16, 
            "chars": ["❤"]
        },
        {
            "type": "bitmap",
            "file": "font/minibotacd.png",  
            "ascent": 20,
            "height": 16, 
            "chars": ["⚡"]
        }
    ]
}